transaction_id,order_date,order_time,province,category,channel,quantity,unit_price,amount,status,shipping_days
TX000001,9/30/2026,2:25:00,Ha Noi,Beauty,web,1,294947,294947,SUCCESS,2
TX000002,9/23/2026,23:58:00,Da Nang,Grocery,mobile,1,265514,265514,SUCCESS,3
TX000003,9/5/2026,15:38:00,Ha Noi,Electronics,partner,1,12741238,12741238,SUCCESS,3
TX000004,9/9/2026,18:01:00,Hai Phong,Electronics,mobile,1,8846997,8846997,SUCCESS,4
TX000005,9/10/2026,12:50:00,Hai Phong,Beauty,web,1,593405,593405,RETURNED,6
TX000006,9/11/2026,10:10:00,Dong Nai,Home,web,1,2839709,2839709,FAILED,5
TX000007,9/13/2026,1:19:00,Ha Noi,Beauty,web,1,839161,839161,SUCCESS,1
TX000008,9/29/2026,13:20:00,Ha Noi,Beauty,partner,2,1061571,2123142,SUCCESS,1
TX000009,9/25/2026,10:30:00,Binh Duong,Beauty,partner,2,411680,823360,SUCCESS,3
TX000010,9/5/2026,20:13:00,Dong Nai,Fashion,web,1,440527,440527,SUCCESS,2
TX000011,9/17/2026,12:28:00,Dong Nai,Home,web,1,860662,860662,SUCCESS,3
TX000012,9/22/2026,15:08:00,Lam Dong,Electronics,mobile,1,15398153,15398153,SUCCESS,7
TX000013,9/6/2026,12:10:00,Ha Noi,Electronics,web,1,1905792,1905792,FAILED,3
TX000014,9/24/2026,9:35:00,Ha Noi,Book,web,1,349391,349391,SUCCESS,1
TX000015,9/30/2026,23:47:00,Ho Chi Minh,Grocery,web,1,383036,383036,SUCCESS,1
TX000016,9/9/2026,17:16:00,Ha Noi,Grocery,partner,2,176037,352074,SUCCESS,1
TX000017,9/25/2026,14:27:00,Dong Nai,Toy,mobile,1,1962559,1962559,SUCCESS,5
TX000018,9/21/2026,16:59:00,Ho Chi Minh,Beauty,web,1,536551,536551,SUCCESS,1
TX000019,9/27/2026,14:04:00,Ho Chi Minh,Sport,partner,1,2645758,2645758,SUCCESS,1
TX000020,9/12/2026,4:55:00,Da Nang,Electronics,mobile,1,3950906,3950906,SUCCESS,3
TX000021,9/19/2026,0:18:00,Ha Noi,Book,partner,4,88033,352132,SUCCESS,2
TX000022,9/13/2026,1:40:00,Ha Noi,Fashion,partner,1,632301,632301,RETURNED,4
TX000023,9/5/2026,17:08:00,Lam Dong,Electronics,partner,1,5073143,5073143,SUCCESS,5
TX000024,9/23/2026,5:36:00,Ho Chi Minh,Sport,web,2,164871,329742,SUCCESS,3
TX000025,9/21/2026,2:36:00,Da Nang,Grocery,web,1,69449,69449,SUCCESS,5
TX000026,9/2/2026,21:41:00,Ho Chi Minh,Sport,web,1,1633435,1633435,FAILED,2
TX000027,9/8/2026,9:29:00,Bac Ninh,Home,partner,1,3653700,3653700,SUCCESS,4
TX000028,9/5/2026,22:04:00,Ho Chi Minh,Electronics,mobile,1,16993736,16993736,SUCCESS,3
TX000029,9/4/2026,3:49:00,Lam Dong,Fashion,partner,1,814471,814471,SUCCESS,5
TX000030,9/15/2026,6:37:00,Ho Chi Minh,Toy,mobile,1,73546,73546,SUCCESS,2
TX000031,9/20/2026,15:05:00,Ha Noi,Book,partner,1,115339,115339,SUCCESS,3
TX000032,9/6/2026,19:01:00,Ha Noi,Book,partner,1,348375,348375,SUCCESS,4
TX000033,9/28/2026,14:38:00,Can Tho,Grocery,web,1,298002,298002,SUCCESS,3
TX000034,9/15/2026,3:03:00,Ha Noi,Electronics,mobile,2,2019580,4039160,SUCCESS,4
TX000035,9/19/2026,4:31:00,Ha Noi,Book,mobile,1,272899,272899,SUCCESS,1
TX000036,9/7/2026,1:38:00,Binh Duong,Book,mobile,2,427106,854212,SUCCESS,5
TX000037,9/12/2026,19:06:00,Binh Duong,Home,partner,1,3889918,3889918,SUCCESS,4
TX000038,9/4/2026,16:00:00,Ha Noi,Fashion,mobile,1,568691,568691,SUCCESS,4
TX000039,9/27/2026,13:58:00,Lam Dong,Electronics,web,2,13963469,27926938,SUCCESS,7
TX000040,9/23/2026,5:16:00,Ha Noi,Grocery,mobile,1,206228,206228,SUCCESS,1
TX000041,9/27/2026,22:30:00,Da Nang,Electronics,mobile,1,15581858,15581858,SUCCESS,4
TX000042,9/13/2026,15:55:00,Binh Duong,Home,web,1,636925,636925,SUCCESS,2
TX000043,9/12/2026,6:05:00,Ha Noi,Electronics,web,1,6313103,6313103,SUCCESS,3
TX000044,9/28/2026,13:47:00,Da Nang,Beauty,web,1,1293589,1293589,RETURNED,7
TX000045,9/27/2026,22:43:00,Hai Phong,Book,web,1,408748,408748,SUCCESS,4
TX000046,9/24/2026,0:38:00,Can Tho,Electronics,partner,1,15294832,15294832,SUCCESS,5
TX000047,9/25/2026,11:49:00,Binh Duong,Grocery,mobile,2,476542,953084,SUCCESS,5
TX000048,9/2/2026,7:20:00,Ho Chi Minh,Fashion,web,2,564847,1129694,SUCCESS,2
TX000049,9/11/2026,23:37:00,Hai Phong,Grocery,mobile,1,368639,368639,SUCCESS,3
TX000050,9/27/2026,11:12:00,Ho Chi Minh,Grocery,mobile,1,421084,421084,SUCCESS,2
TX000051,9/6/2026,10:35:00,Binh Duong,Toy,web,1,1664271,1664271,SUCCESS,2
TX000052,9/14/2026,11:34:00,Ha Noi,Electronics,web,2,1674740,3349480,SUCCESS,4
TX000053,9/1/2026,13:23:00,Da Nang,Grocery,web,1,126659,126659,SUCCESS,2
TX000054,9/7/2026,18:57:00,Dong Nai,Sport,mobile,1,2341828,2341828,SUCCESS,5
TX000055,9/26/2026,21:05:00,Can Tho,Book,mobile,1,160637,160637,SUCCESS,3
TX000056,9/21/2026,12:04:00,Hai Phong,Grocery,mobile,1,181049,181049,SUCCESS,3
TX000057,9/6/2026,5:21:00,Da Nang,Book,mobile,2,81267,162534,RETURNED,6
TX000058,9/14/2026,20:08:00,Hai Phong,Sport,web,1,1962059,1962059,SUCCESS,2
TX000059,9/27/2026,4:16:00,Da Nang,Electronics,partner,1,10243289,10243289,SUCCESS,5
TX000060,9/23/2026,9:05:00,Lam Dong,Grocery,partner,1,198326,198326,SUCCESS,6
TX000061,9/2/2026,16:04:00,Ho Chi Minh,Fashion,partner,1,363105,363105,SUCCESS,2
TX000062,9/17/2026,11:09:00,Can Tho,Grocery,partner,2,136723,273446,SUCCESS,3
TX000063,9/28/2026,17:03:00,Binh Duong,Beauty,mobile,2,275473,550946,SUCCESS,3
TX000064,9/14/2026,6:47:00,Ho Chi Minh,Fashion,web,2,1110316,2220632,SUCCESS,2
TX000065,9/13/2026,13:44:00,Binh Duong,Home,mobile,4,2704467,10817868,SUCCESS,3
TX000066,9/25/2026,12:16:00,Ho Chi Minh,Fashion,partner,2,1074926,2149852,SUCCESS,3
TX000067,9/22/2026,12:36:00,Hai Phong,Home,web,2,4413523,8827046,FAILED,5
TX000068,9/24/2026,22:28:00,Khanh Hoa,Electronics,partner,3,6037053,18111159,SUCCESS,6
TX000069,9/4/2026,15:43:00,Dong Nai,Home,web,1,4738371,4738371,SUCCESS,4
TX000070,9/5/2026,2:43:00,Ho Chi Minh,Electronics,mobile,2,4572463,9144926,SUCCESS,3
TX000071,9/7/2026,15:00:00,Ha Noi,Fashion,web,1,476481,476481,FAILED,2
TX000072,9/21/2026,23:41:00,Can Tho,Grocery,partner,2,180801,361602,RETURNED,9
TX000073,9/12/2026,9:10:00,Ho Chi Minh,Fashion,partner,1,1133360,1133360,SUCCESS,1
TX000074,9/19/2026,0:19:00,Ho Chi Minh,Grocery,partner,1,466647,466647,SUCCESS,2
TX000075,9/5/2026,10:07:00,Khanh Hoa,Book,web,1,353863,353863,SUCCESS,4
TX000076,9/7/2026,0:21:00,Binh Duong,Home,web,2,4242032,8484064,SUCCESS,5
TX000077,9/7/2026,9:44:00,Binh Duong,Fashion,partner,1,887085,887085,SUCCESS,4
TX000078,9/18/2026,8:10:00,Dong Nai,Sport,partner,1,1525758,1525758,SUCCESS,5
TX000079,9/14/2026,18:04:00,Can Tho,Electronics,partner,1,2721586,2721586,SUCCESS,5
TX000080,9/25/2026,14:02:00,Ho Chi Minh,Beauty,web,1,1106235,1106235,SUCCESS,4
TX000081,9/17/2026,12:08:00,Ha Noi,Beauty,web,1,478057,478057,SUCCESS,1
TX000082,9/16/2026,4:16:00,Ha Noi,Electronics,mobile,2,8085556,16171112,SUCCESS,1
TX000083,9/7/2026,14:02:00,Bac Ninh,Grocery,web,2,376584,753168,SUCCESS,3
TX000084,9/13/2026,1:51:00,Ha Noi,Beauty,partner,1,839250,839250,SUCCESS,1
TX000085,9/30/2026,23:41:00,Ho Chi Minh,Grocery,mobile,2,281124,562248,SUCCESS,1
TX000086,9/28/2026,16:25:00,Ha Noi,Electronics,partner,1,12111412,12111412,SUCCESS,1
TX000087,9/30/2026,14:58:00,Dong Nai,Grocery,mobile,1,266744,266744,SUCCESS,5
TX000088,9/12/2026,14:24:00,Ho Chi Minh,Electronics,partner,1,17113789,17113789,SUCCESS,1
TX000089,9/26/2026,13:24:00,Da Nang,Book,web,1,398830,398830,SUCCESS,3
TX000090,9/30/2026,21:19:00,Ho Chi Minh,Home,partner,1,2097159,2097159,SUCCESS,1
TX000091,9/30/2026,22:31:00,Dong Nai,Fashion,web,1,693089,693089,SUCCESS,5
TX000092,9/7/2026,10:57:00,Binh Duong,Toy,web,1,846057,846057,SUCCESS,2
TX000093,9/8/2026,1:56:00,Ha Noi,Book,mobile,1,397046,397046,SUCCESS,1
TX000094,9/20/2026,13:34:00,Ha Noi,Book,mobile,1,165615,165615,SUCCESS,2
TX000095,9/14/2026,4:09:00,Ho Chi Minh,Electronics,mobile,2,15650384,31300768,SUCCESS,1
TX000096,9/2/2026,22:12:00,Ho Chi Minh,Grocery,web,1,331863,331863,SUCCESS,3
TX000097,9/29/2026,3:09:00,Ho Chi Minh,Beauty,partner,1,590271,590271,SUCCESS,3
TX000098,9/16/2026,10:50:00,Ha Noi,Beauty,web,2,1192758,2385516,SUCCESS,2
TX000099,9/5/2026,16:17:00,Ha Noi,Electronics,partner,1,6329458,6329458,SUCCESS,3
TX000100,9/15/2026,9:18:00,Ha Noi,Electronics,web,1,16038040,16038040,SUCCESS,1
TX000101,9/17/2026,18:45:00,Dong Nai,Electronics,mobile,2,4229847,8459694,SUCCESS,3
TX000102,9/28/2026,12:49:00,Ho Chi Minh,Electronics,partner,1,3276136,3276136,SUCCESS,4
TX000103,9/24/2026,18:58:00,Da Nang,Fashion,mobile,1,932471,932471,SUCCESS,5
TX000104,9/12/2026,11:14:00,Hai Phong,Book,web,3,355523,1066569,SUCCESS,5
TX000105,9/28/2026,1:56:00,Hai Phong,Electronics,mobile,1,13839260,13839260,SUCCESS,2
TX000106,9/15/2026,1:21:00,Ha Noi,Electronics,partner,2,17516544,35033088,SUCCESS,1
TX000107,9/16/2026,7:50:00,Dong Nai,Book,mobile,1,144815,144815,SUCCESS,3
TX000108,9/28/2026,18:55:00,Ho Chi Minh,Beauty,mobile,1,729001,729001,SUCCESS,4
TX000109,9/13/2026,19:46:00,Binh Duong,Grocery,partner,1,458286,458286,FAILED,2
TX000110,9/24/2026,11:30:00,Dong Nai,Fashion,web,1,692084,692084,SUCCESS,4
TX000111,9/19/2026,21:10:00,Ha Noi,Grocery,web,2,72784,145568,SUCCESS,2
TX000112,9/2/2026,17:50:00,Ho Chi Minh,Home,web,1,864593,864593,SUCCESS,4
TX000113,9/14/2026,2:41:00,Ha Noi,Electronics,partner,2,9200702,18401404,SUCCESS,1
TX000114,9/24/2026,10:55:00,Da Nang,Beauty,web,1,819908,819908,SUCCESS,4
TX000115,9/24/2026,22:35:00,Da Nang,Home,mobile,2,3445395,6890790,SUCCESS,2
TX000116,9/11/2026,23:22:00,Binh Duong,Book,partner,2,234706,469412,SUCCESS,5
TX000117,9/9/2026,7:05:00,Dong Nai,Electronics,mobile,2,16557178,33114356,SUCCESS,5
TX000118,9/2/2026,15:59:00,Binh Duong,Electronics,mobile,1,13178065,13178065,FAILED,5
TX000119,9/16/2026,10:19:00,Bac Ninh,Grocery,mobile,1,448010,448010,RETURNED,7
TX000120,9/5/2026,16:03:00,Ha Noi,Book,partner,1,426262,426262,SUCCESS,3
TX000121,9/20/2026,19:04:00,Ho Chi Minh,Toy,web,2,1750020,3500040,SUCCESS,1
TX000122,9/28/2026,15:37:00,Hai Phong,Grocery,mobile,1,153729,153729,SUCCESS,5
TX000123,9/17/2026,22:20:00,Ho Chi Minh,Electronics,partner,1,5820281,5820281,SUCCESS,4
TX000124,9/6/2026,8:37:00,Ho Chi Minh,Fashion,web,2,569986,1139972,SUCCESS,4
TX000125,9/15/2026,13:04:00,Can Tho,Beauty,mobile,1,1417353,1417353,RETURNED,6
TX000126,9/2/2026,4:42:00,Ho Chi Minh,Grocery,partner,1,350837,350837,SUCCESS,4
TX000127,9/4/2026,8:33:00,Ha Noi,Fashion,web,2,1063664,2127328,SUCCESS,2
TX000128,9/20/2026,16:32:00,Ho Chi Minh,Home,web,2,2906674,5813348,SUCCESS,3
TX000129,9/12/2026,9:43:00,Ha Noi,Toy,web,1,1123972,1123972,SUCCESS,2
TX000130,9/30/2026,23:30:00,Can Tho,Sport,mobile,1,2840451,2840451,SUCCESS,7
TX000131,9/29/2026,3:08:00,Can Tho,Grocery,mobile,1,283202,283202,SUCCESS,6
TX000132,9/22/2026,3:17:00,Ha Noi,Book,web,1,231073,231073,SUCCESS,4
TX000133,9/13/2026,4:09:00,Ho Chi Minh,Electronics,web,1,2898031,2898031,SUCCESS,3
TX000134,9/8/2026,6:02:00,Ho Chi Minh,Grocery,web,3,290765,872295,SUCCESS,3
TX000135,9/3/2026,7:12:00,Ho Chi Minh,Grocery,mobile,1,311380,311380,SUCCESS,4
TX000136,9/3/2026,1:25:00,Ho Chi Minh,Grocery,web,2,320048,640096,SUCCESS,1
TX000137,9/5/2026,9:36:00,Ho Chi Minh,Home,mobile,1,4470829,4470829,SUCCESS,3
TX000138,9/24/2026,15:14:00,Ho Chi Minh,Book,partner,2,217001,434002,SUCCESS,4
TX000139,9/26/2026,14:51:00,Ho Chi Minh,Home,partner,1,2780988,2780988,SUCCESS,2
TX000140,9/3/2026,8:05:00,Da Nang,Electronics,mobile,1,13957070,13957070,SUCCESS,4
TX000141,9/7/2026,21:24:00,Ho Chi Minh,Electronics,mobile,4,17024453,68097812,SUCCESS,4
TX000142,9/8/2026,21:09:00,Ho Chi Minh,Grocery,partner,1,349855,349855,RETURNED,6
TX000143,9/10/2026,10:24:00,Hai Phong,Grocery,mobile,1,323856,323856,SUCCESS,5
TX000144,9/7/2026,15:59:00,Ho Chi Minh,Fashion,web,2,846376,1692752,SUCCESS,3
TX000145,9/5/2026,23:18:00,Can Tho,Grocery,partner,1,381185,381185,SUCCESS,3
TX000146,9/7/2026,6:09:00,Ha Noi,Grocery,partner,1,372303,372303,SUCCESS,1
TX000147,9/27/2026,3:06:00,Ha Noi,Beauty,web,2,156210,312420,RETURNED,4
TX000148,9/14/2026,13:55:00,Da Nang,Electronics,mobile,2,12442147,24884294,FAILED,5
TX000149,9/9/2026,18:36:00,Binh Duong,Fashion,mobile,1,659523,659523,SUCCESS,5
TX000150,9/24/2026,10:49:00,Ho Chi Minh,Fashion,mobile,1,507514,507514,SUCCESS,3
TX000151,9/14/2026,17:48:00,Da Nang,Grocery,partner,1,393210,393210,SUCCESS,4
TX000152,9/6/2026,8:14:00,Can Tho,Sport,mobile,4,2058318,8233272,SUCCESS,7
TX000153,9/25/2026,11:06:00,Binh Duong,Home,partner,1,3234871,3234871,SUCCESS,3
TX000154,9/25/2026,10:10:00,Ha Noi,Fashion,web,1,363772,363772,SUCCESS,4
TX000155,9/24/2026,8:36:00,Ho Chi Minh,Grocery,mobile,1,409207,409207,SUCCESS,4
TX000156,9/3/2026,21:38:00,Da Nang,Electronics,mobile,1,3515898,3515898,SUCCESS,5
TX000157,9/18/2026,9:46:00,Ho Chi Minh,Sport,partner,2,707799,1415598,SUCCESS,4
TX000158,9/6/2026,19:05:00,Hai Phong,Fashion,mobile,1,167679,167679,SUCCESS,5
TX000159,9/8/2026,1:26:00,Ho Chi Minh,Sport,partner,1,1159427,1159427,SUCCESS,4
TX000160,9/3/2026,5:10:00,Ha Noi,Electronics,partner,1,15929147,15929147,FAILED,3
TX000161,9/28/2026,5:05:00,Binh Duong,Home,partner,1,4572570,4572570,SUCCESS,3
TX000162,9/20/2026,10:37:00,Da Nang,Electronics,web,1,12756643,12756643,SUCCESS,5
TX000163,9/11/2026,6:08:00,Ho Chi Minh,Beauty,partner,1,953480,953480,SUCCESS,3
TX000164,9/4/2026,14:21:00,Khanh Hoa,Home,web,2,531748,1063496,SUCCESS,7
TX000165,9/22/2026,19:37:00,Ha Noi,Sport,partner,1,1167509,1167509,SUCCESS,2
TX000166,9/15/2026,15:17:00,Binh Duong,Fashion,web,2,766808,1533616,SUCCESS,4
TX000167,9/17/2026,20:54:00,Ho Chi Minh,Electronics,mobile,1,8624726,8624726,SUCCESS,2
TX000168,9/26/2026,1:26:00,Can Tho,Beauty,mobile,2,1108853,2217706,SUCCESS,7
TX000169,9/9/2026,9:01:00,Khanh Hoa,Grocery,partner,1,469913,469913,SUCCESS,3
TX000170,9/7/2026,20:57:00,Ha Noi,Grocery,web,1,353923,353923,SUCCESS,4
TX000171,9/1/2026,18:16:00,Ho Chi Minh,Fashion,web,2,155950,311900,SUCCESS,2
TX000172,9/29/2026,4:57:00,Ho Chi Minh,Home,partner,4,4050352,16201408,SUCCESS,1
TX000173,9/30/2026,13:51:00,Binh Duong,Electronics,partner,1,13925988,13925988,SUCCESS,4
TX000174,9/5/2026,8:09:00,Khanh Hoa,Sport,partner,2,1287055,2574110,SUCCESS,5
TX000175,9/26/2026,15:30:00,Can Tho,Electronics,partner,1,11752355,11752355,SUCCESS,6
TX000176,9/25/2026,14:26:00,Ho Chi Minh,Beauty,mobile,1,805319,805319,SUCCESS,4
TX000177,9/2/2026,8:21:00,Can Tho,Home,partner,1,3349309,3349309,SUCCESS,3
TX000178,9/14/2026,10:37:00,Binh Duong,Beauty,mobile,1,1409386,1409386,SUCCESS,4
TX000179,9/17/2026,9:07:00,Binh Duong,Electronics,partner,1,4129209,4129209,SUCCESS,2
TX000180,9/28/2026,5:13:00,Binh Duong,Home,web,1,4893732,4893732,SUCCESS,3
TX000181,9/13/2026,5:43:00,Ho Chi Minh,Grocery,partner,1,257895,257895,SUCCESS,2
TX000182,9/29/2026,10:42:00,Ho Chi Minh,Book,mobile,1,209728,209728,SUCCESS,3
TX000183,9/16/2026,5:37:00,Ho Chi Minh,Home,partner,3,4218224,12654672,RETURNED,7
TX000184,9/12/2026,0:47:00,Ho Chi Minh,Fashion,partner,2,885493,1770986,SUCCESS,4
TX000185,9/10/2026,12:59:00,Ho Chi Minh,Fashion,web,1,978032,978032,SUCCESS,4
TX000186,9/21/2026,10:30:00,Bac Ninh,Grocery,partner,3,485938,1457814,SUCCESS,7
TX000187,9/30/2026,1:03:00,Khanh Hoa,Electronics,mobile,1,9529249,9529249,SUCCESS,5
TX000188,9/5/2026,19:43:00,Ha Noi,Fashion,mobile,4,1054865,4219460,SUCCESS,3
TX000189,9/4/2026,21:46:00,Ha Noi,Sport,mobile,1,2335714,2335714,SUCCESS,4
TX000190,9/4/2026,1:22:00,Ho Chi Minh,Home,partner,1,1117400,1117400,RETURNED,4
TX000191,9/8/2026,6:54:00,Ho Chi Minh,Grocery,mobile,1,448253,448253,SUCCESS,2
TX000192,9/27/2026,22:50:00,Ho Chi Minh,Electronics,mobile,1,8407361,8407361,SUCCESS,1
TX000193,9/23/2026,6:38:00,Ho Chi Minh,Book,partner,1,109890,109890,SUCCESS,3
TX000194,9/27/2026,20:37:00,Ha Noi,Electronics,mobile,1,5154780,5154780,SUCCESS,4
TX000195,9/9/2026,10:53:00,Ho Chi Minh,Grocery,web,1,286713,286713,SUCCESS,3
TX000196,9/23/2026,1:19:00,Ha Noi,Home,mobile,1,3923298,3923298,SUCCESS,2
TX000197,9/2/2026,11:42:00,Ho Chi Minh,Grocery,partner,1,326563,326563,SUCCESS,3
TX000198,9/2/2026,21:26:00,Binh Duong,Grocery,web,4,83695,334780,SUCCESS,4
TX000199,9/20/2026,23:34:00,Dong Nai,Electronics,web,1,9150590,9150590,SUCCESS,3
TX000200,9/3/2026,16:50:00,Da Nang,Grocery,web,1,399126,399126,SUCCESS,5
TX000201,9/13/2026,14:54:00,Dong Nai,Electronics,partner,1,5652366,5652366,SUCCESS,4
TX000202,9/19/2026,20:26:00,Ho Chi Minh,Electronics,partner,1,4323742,4323742,SUCCESS,1
TX000203,9/21/2026,20:44:00,Can Tho,Beauty,web,2,524284,1048568,SUCCESS,7
TX000204,9/26/2026,18:22:00,Dong Nai,Home,web,1,336577,336577,SUCCESS,5
TX000205,9/7/2026,0:05:00,Khanh Hoa,Fashion,partner,2,315748,631496,SUCCESS,6
TX000206,9/14/2026,21:41:00,Hai Phong,Beauty,web,1,82278,82278,SUCCESS,5
TX000207,9/1/2026,8:48:00,Hai Phong,Home,mobile,2,3413423,6826846,SUCCESS,4
TX000208,9/7/2026,5:46:00,Ho Chi Minh,Home,partner,1,271091,271091,SUCCESS,2
TX000209,9/7/2026,21:20:00,Khanh Hoa,Book,web,1,102672,102672,RETURNED,7
TX000210,9/13/2026,14:31:00,Can Tho,Fashion,partner,1,176254,176254,SUCCESS,5
TX000211,9/3/2026,11:36:00,Binh Duong,Home,mobile,1,4390802,4390802,FAILED,2
TX000212,9/15/2026,9:40:00,Ha Noi,Home,web,1,4151157,4151157,SUCCESS,2
TX000213,9/3/2026,18:02:00,Lam Dong,Fashion,web,1,1170775,1170775,SUCCESS,5
TX000214,9/15/2026,2:30:00,Ha Noi,Sport,web,1,1450945,1450945,RETURNED,3
TX000215,9/4/2026,22:10:00,Khanh Hoa,Electronics,mobile,1,3046454,3046454,SUCCESS,4
TX000216,9/16/2026,18:41:00,Ho Chi Minh,Home,mobile,2,1190331,2380662,SUCCESS,1
TX000217,9/27/2026,5:51:00,Can Tho,Grocery,web,2,291939,583878,FAILED,3
TX000218,9/24/2026,3:46:00,Ha Noi,Home,web,2,3412664,6825328,FAILED,4
TX000219,9/15/2026,15:29:00,Ha Noi,Sport,partner,1,650803,650803,SUCCESS,2
TX000220,9/3/2026,2:09:00,Lam Dong,Electronics,mobile,1,16805970,16805970,SUCCESS,7
TX000221,9/29/2026,8:10:00,Ha Noi,Fashion,mobile,1,529830,529830,SUCCESS,1
TX000222,9/1/2026,1:35:00,Binh Duong,Fashion,web,3,337996,1013988,SUCCESS,4
TX000223,9/2/2026,23:57:00,Khanh Hoa,Sport,partner,1,2269917,2269917,SUCCESS,7
TX000224,9/3/2026,20:01:00,Ho Chi Minh,Toy,web,1,1019502,1019502,SUCCESS,2
TX000225,9/27/2026,14:39:00,Ha Noi,Electronics,web,1,16284956,16284956,SUCCESS,3
TX000226,9/5/2026,2:45:00,Ha Noi,Beauty,mobile,1,391057,391057,SUCCESS,3
TX000227,9/8/2026,21:54:00,Ha Noi,Fashion,web,1,643978,643978,SUCCESS,2
TX000228,9/10/2026,0:24:00,Dong Nai,Fashion,mobile,1,662786,662786,SUCCESS,2
TX000229,9/6/2026,13:49:00,Ha Noi,Grocery,web,1,460799,460799,SUCCESS,2
TX000230,9/13/2026,12:21:00,Ho Chi Minh,Sport,mobile,1,2459755,2459755,SUCCESS,2
TX000231,9/10/2026,1:51:00,Can Tho,Home,mobile,1,4223884,4223884,FAILED,7
TX000232,9/18/2026,16:12:00,Ho Chi Minh,Electronics,web,2,8549098,17098196,RETURNED,3
TX000233,9/30/2026,21:28:00,Ha Noi,Grocery,partner,1,331828,331828,SUCCESS,3
TX000234,9/2/2026,6:48:00,Hai Phong,Fashion,web,1,514754,514754,SUCCESS,3
TX000235,9/24/2026,23:01:00,Ho Chi Minh,Fashion,web,1,393656,393656,SUCCESS,2
TX000236,9/24/2026,22:51:00,Dong Nai,Toy,partner,3,356159,1068477,SUCCESS,5
TX000237,9/23/2026,4:09:00,Can Tho,Electronics,partner,1,13173078,13173078,SUCCESS,3
TX000238,9/27/2026,1:41:00,Ho Chi Minh,Toy,partner,1,1256044,1256044,SUCCESS,3
TX000239,9/4/2026,12:59:00,Ha Noi,Toy,mobile,1,93898,93898,SUCCESS,1
TX000240,9/12/2026,16:20:00,Binh Duong,Beauty,web,2,960076,1920152,SUCCESS,5
TX000241,9/22/2026,19:43:00,Binh Duong,Grocery,web,1,266604,266604,SUCCESS,4
TX000242,9/18/2026,2:06:00,Ha Noi,Electronics,web,1,4324074,4324074,FAILED,2
TX000243,9/5/2026,14:36:00,Ho Chi Minh,Toy,web,1,174093,174093,SUCCESS,4
TX000244,9/3/2026,11:32:00,Ho Chi Minh,Grocery,mobile,1,134687,134687,SUCCESS,1
TX000245,9/19/2026,2:08:00,Ho Chi Minh,Sport,mobile,1,1706172,1706172,SUCCESS,1
TX000246,9/21/2026,0:18:00,Ho Chi Minh,Fashion,partner,1,249267,249267,SUCCESS,2
TX000247,9/3/2026,18:36:00,Dong Nai,Home,web,2,2706953,5413906,SUCCESS,3
TX000248,9/21/2026,10:28:00,Ha Noi,Toy,mobile,4,493455,1973820,SUCCESS,3
TX000249,9/4/2026,1:11:00,Ha Noi,Grocery,web,1,302466,302466,SUCCESS,1
TX000250,9/26/2026,14:36:00,Binh Duong,Home,web,1,4273380,4273380,SUCCESS,5
TX000251,9/29/2026,3:17:00,Da Nang,Beauty,mobile,2,578239,1156478,SUCCESS,4
TX000252,9/13/2026,18:12:00,Dong Nai,Home,mobile,1,2891638,2891638,SUCCESS,3
TX000253,9/10/2026,14:53:00,Khanh Hoa,Fashion,partner,1,904146,904146,SUCCESS,7
TX000254,9/2/2026,7:37:00,Ha Noi,Home,partner,1,624121,624121,SUCCESS,4
TX000255,9/19/2026,1:34:00,Can Tho,Electronics,web,1,2225530,2225530,SUCCESS,5
TX000256,9/12/2026,18:31:00,Binh Duong,Beauty,partner,1,421641,421641,SUCCESS,5
TX000257,9/1/2026,21:54:00,Dong Nai,Toy,mobile,1,599301,599301,RETURNED,8
TX000258,9/16/2026,20:53:00,Ho Chi Minh,Electronics,mobile,2,11338306,22676612,SUCCESS,3
TX000259,9/5/2026,22:04:00,Ho Chi Minh,Fashion,partner,1,801861,801861,SUCCESS,1
TX000260,9/19/2026,9:22:00,Can Tho,Beauty,web,1,957795,957795,SUCCESS,7
TX000261,9/16/2026,14:49:00,Hai Phong,Fashion,partner,1,871822,871822,SUCCESS,4
TX000262,9/26/2026,10:36:00,Binh Duong,Electronics,mobile,2,12461956,24923912,SUCCESS,4
TX000263,9/6/2026,8:38:00,Ho Chi Minh,Home,web,1,1205088,1205088,SUCCESS,2
TX000264,9/10/2026,2:46:00,Ho Chi Minh,Toy,web,1,767574,767574,SUCCESS,1
TX000265,9/21/2026,13:45:00,Ho Chi Minh,Beauty,web,1,351383,351383,RETURNED,5
TX000266,9/25/2026,7:01:00,Ha Noi,Fashion,mobile,1,795729,795729,SUCCESS,3
TX000267,9/6/2026,20:49:00,Ha Noi,Grocery,partner,1,64229,64229,SUCCESS,4
TX000268,9/7/2026,2:08:00,Ho Chi Minh,Sport,partner,4,1090871,4363484,SUCCESS,1
TX000269,9/23/2026,23:11:00,Ha Noi,Fashion,partner,1,906835,906835,SUCCESS,1
TX000270,9/1/2026,21:33:00,Ha Noi,Electronics,mobile,1,16108713,16108713,SUCCESS,3
TX000271,9/5/2026,14:17:00,Can Tho,Fashion,web,2,998341,1996682,SUCCESS,7
TX000272,9/12/2026,23:15:00,Dong Nai,Toy,web,1,1979156,1979156,RETURNED,6
TX000273,9/1/2026,13:55:00,Hai Phong,Sport,mobile,1,1223289,1223289,RETURNED,7
TX000274,9/3/2026,6:42:00,Ha Noi,Electronics,web,2,2523538,5047076,FAILED,1
TX000275,9/30/2026,10:54:00,Ha Noi,Fashion,mobile,1,682685,682685,SUCCESS,4
TX000276,9/18/2026,13:18:00,Hai Phong,Grocery,web,2,89274,178548,SUCCESS,5
TX000277,9/28/2026,19:43:00,Ho Chi Minh,Fashion,partner,1,394004,394004,SUCCESS,1
TX000278,9/24/2026,21:14:00,Binh Duong,Grocery,web,1,302157,302157,SUCCESS,5
TX000279,9/26/2026,9:51:00,Khanh Hoa,Book,web,1,296042,296042,SUCCESS,5
TX000280,9/24/2026,1:42:00,Ha Noi,Book,partner,1,290697,290697,SUCCESS,4
TX000281,9/30/2026,17:39:00,Ha Noi,Fashion,mobile,1,120355,120355,SUCCESS,3
TX000282,9/3/2026,11:16:00,Dong Nai,Home,mobile,2,3996117,7992234,SUCCESS,4
TX000283,9/29/2026,20:07:00,Lam Dong,Fashion,mobile,1,342973,342973,SUCCESS,3
TX000284,9/10/2026,19:28:00,Ho Chi Minh,Home,web,1,1233637,1233637,RETURNED,6
TX000285,9/25/2026,3:17:00,Binh Duong,Grocery,partner,1,296512,296512,SUCCESS,4
TX000286,9/18/2026,12:09:00,Ho Chi Minh,Book,partner,1,229756,229756,SUCCESS,3
TX000287,9/25/2026,22:21:00,Dong Nai,Beauty,partner,4,689389,2757556,SUCCESS,3
TX000288,9/25/2026,16:32:00,Hai Phong,Fashion,mobile,1,858696,858696,SUCCESS,4
TX000289,9/1/2026,13:56:00,Ho Chi Minh,Electronics,partner,1,6076355,6076355,SUCCESS,1
TX000290,9/14/2026,10:22:00,Ha Noi,Grocery,partner,1,83729,83729,SUCCESS,3
TX000291,9/3/2026,3:18:00,Khanh Hoa,Fashion,partner,2,232831,465662,FAILED,4
TX000292,9/30/2026,11:23:00,Ho Chi Minh,Grocery,mobile,1,184233,184233,SUCCESS,1
TX000293,9/13/2026,16:51:00,Da Nang,Electronics,mobile,1,9756922,9756922,SUCCESS,4
TX000294,9/27/2026,1:30:00,Da Nang,Electronics,web,1,11865578,11865578,SUCCESS,4
TX000295,9/10/2026,17:02:00,Can Tho,Fashion,partner,2,578112,1156224,SUCCESS,3
TX000296,9/16/2026,17:55:00,Ho Chi Minh,Sport,partner,1,1768480,1768480,SUCCESS,3
TX000297,9/24/2026,3:40:00,Ho Chi Minh,Electronics,partner,1,7659643,7659643,SUCCESS,2
TX000298,9/20/2026,7:20:00,Dong Nai,Electronics,web,1,15804155,15804155,SUCCESS,2
TX000299,9/12/2026,11:09:00,Da Nang,Grocery,partner,1,243716,243716,SUCCESS,2
TX000300,9/29/2026,3:24:00,Ha Noi,Beauty,mobile,1,302582,302582,SUCCESS,4
TX000301,9/18/2026,23:34:00,Dong Nai,Electronics,web,1,6445345,6445345,SUCCESS,4
TX000302,9/26/2026,4:35:00,Dong Nai,Electronics,web,1,2601674,2601674,SUCCESS,4
TX000303,9/19/2026,18:43:00,Khanh Hoa,Home,partner,1,2320151,2320151,SUCCESS,3
TX000304,9/21/2026,23:49:00,Can Tho,Electronics,mobile,1,3460319,3460319,SUCCESS,3
TX000305,9/29/2026,4:40:00,Ha Noi,Electronics,mobile,1,17502797,17502797,SUCCESS,3
TX000306,9/8/2026,16:11:00,Ha Noi,Fashion,partner,1,1034618,1034618,SUCCESS,4
TX000307,9/5/2026,22:52:00,Ha Noi,Book,partner,1,332390,332390,FAILED,1
TX000308,9/27/2026,8:18:00,Ho Chi Minh,Grocery,web,1,314934,314934,SUCCESS,3
TX000309,9/22/2026,3:34:00,Ho Chi Minh,Electronics,partner,1,13409302,13409302,SUCCESS,2
TX000310,9/23/2026,0:06:00,Lam Dong,Electronics,mobile,1,17562555,17562555,FAILED,5
TX000311,9/22/2026,9:00:00,Khanh Hoa,Sport,mobile,1,1254427,1254427,SUCCESS,6
TX000312,9/27/2026,17:54:00,Can Tho,Home,partner,2,3160323,6320646,FAILED,3
TX000313,9/7/2026,7:47:00,Ho Chi Minh,Fashion,mobile,2,563583,1127166,SUCCESS,4
TX000314,9/6/2026,3:47:00,Ho Chi Minh,Grocery,partner,1,369350,369350,SUCCESS,1
TX000315,9/7/2026,16:24:00,Ha Noi,Fashion,partner,1,970303,970303,SUCCESS,4
TX000316,9/22/2026,10:54:00,Dong Nai,Electronics,partner,1,14983048,14983048,SUCCESS,5
TX000317,9/27/2026,21:05:00,Ha Noi,Fashion,partner,1,347688,347688,SUCCESS,4
TX000318,9/28/2026,7:09:00,Ha Noi,Home,partner,2,4723858,9447716,SUCCESS,4
TX000319,9/20/2026,3:29:00,Ho Chi Minh,Electronics,mobile,2,15593383,31186766,SUCCESS,1
TX000320,9/7/2026,2:14:00,Ho Chi Minh,Beauty,partner,1,936994,936994,SUCCESS,1
TX000321,9/1/2026,7:51:00,Ho Chi Minh,Electronics,partner,1,11799902,11799902,FAILED,4
TX000322,9/17/2026,15:22:00,Can Tho,Toy,partner,1,846392,846392,SUCCESS,5
TX000323,9/16/2026,16:07:00,Binh Duong,Fashion,web,1,369740,369740,SUCCESS,2
TX000324,9/18/2026,17:00:00,Lam Dong,Electronics,partner,1,4256425,4256425,SUCCESS,3
TX000325,9/18/2026,11:47:00,Lam Dong,Fashion,mobile,1,240508,240508,SUCCESS,7
TX000326,9/9/2026,20:42:00,Ha Noi,Grocery,mobile,3,383382,1150146,SUCCESS,3
TX000327,9/17/2026,1:42:00,Can Tho,Fashion,mobile,1,152225,152225,SUCCESS,7
TX000328,9/16/2026,19:32:00,Lam Dong,Fashion,mobile,1,1073698,1073698,SUCCESS,7
TX000329,9/16/2026,11:20:00,Lam Dong,Home,partner,1,4924200,4924200,SUCCESS,6
TX000330,9/21/2026,23:13:00,Khanh Hoa,Home,partner,1,2048700,2048700,SUCCESS,5
TX000331,9/25/2026,9:04:00,Ha Noi,Home,web,2,3068844,6137688,SUCCESS,3
TX000332,9/27/2026,2:38:00,Ho Chi Minh,Sport,web,1,1263190,1263190,FAILED,3
TX000333,9/5/2026,20:31:00,Ha Noi,Electronics,mobile,1,17731089,17731089,FAILED,3
TX000334,9/9/2026,7:44:00,Bac Ninh,Sport,web,2,377113,754226,SUCCESS,7
TX000335,9/23/2026,20:50:00,Ho Chi Minh,Home,partner,1,4059351,4059351,SUCCESS,4
TX000336,9/5/2026,14:02:00,Ho Chi Minh,Book,web,1,187808,187808,SUCCESS,4
TX000337,9/20/2026,1:45:00,Hai Phong,Fashion,web,1,706425,706425,SUCCESS,4
TX000338,9/26/2026,6:34:00,Ho Chi Minh,Fashion,mobile,4,433625,1734500,FAILED,3
TX000339,9/14/2026,15:43:00,Ho Chi Minh,Home,mobile,1,703621,703621,FAILED,1
TX000340,9/16/2026,5:32:00,Ho Chi Minh,Fashion,mobile,1,841714,841714,SUCCESS,2
TX000341,9/17/2026,3:52:00,Ho Chi Minh,Grocery,mobile,2,229790,459580,SUCCESS,3
TX000342,9/29/2026,17:31:00,Can Tho,Fashion,mobile,1,285909,285909,SUCCESS,6
TX000343,9/21/2026,5:56:00,Binh Duong,Sport,web,1,1134097,1134097,SUCCESS,2
TX000344,9/8/2026,14:18:00,Ho Chi Minh,Electronics,mobile,1,17077480,17077480,SUCCESS,4
TX000345,9/11/2026,10:31:00,Ha Noi,Fashion,mobile,2,395308,790616,SUCCESS,4
TX000346,9/25/2026,14:27:00,Lam Dong,Grocery,mobile,1,339765,339765,SUCCESS,5
TX000347,9/25/2026,13:27:00,Ha Noi,Electronics,mobile,1,11530342,11530342,SUCCESS,2
TX000348,9/14/2026,1:13:00,Ho Chi Minh,Electronics,mobile,2,17706487,35412974,SUCCESS,2
TX000349,9/26/2026,12:16:00,Ho Chi Minh,Fashion,mobile,1,913474,913474,SUCCESS,3
TX000350,9/30/2026,12:17:00,Binh Duong,Home,partner,1,1346085,1346085,SUCCESS,4
TX000351,9/29/2026,8:12:00,Ho Chi Minh,Fashion,web,1,224085,224085,SUCCESS,1
TX000352,9/5/2026,2:31:00,Ha Noi,Grocery,web,1,193355,193355,SUCCESS,2
TX000353,9/13/2026,3:05:00,Binh Duong,Electronics,web,1,16975508,16975508,SUCCESS,5
TX000354,9/2/2026,12:36:00,Ha Noi,Beauty,mobile,1,734540,734540,SUCCESS,1
TX000355,9/22/2026,21:37:00,Can Tho,Electronics,mobile,1,2947766,2947766,SUCCESS,3
TX000356,9/12/2026,1:31:00,Ha Noi,Electronics,web,1,17147437,17147437,SUCCESS,1
TX000357,9/17/2026,4:19:00,Can Tho,Beauty,web,1,744250,744250,FAILED,4
TX000358,9/18/2026,4:37:00,Ho Chi Minh,Electronics,mobile,1,2525015,2525015,SUCCESS,3
TX000359,9/22/2026,7:36:00,Ho Chi Minh,Home,partner,1,2680282,2680282,SUCCESS,4
TX000360,9/9/2026,10:39:00,Khanh Hoa,Book,web,1,428013,428013,SUCCESS,7
TX000361,9/28/2026,21:36:00,Ho Chi Minh,Fashion,web,2,351660,703320,SUCCESS,1
TX000362,9/5/2026,20:55:00,Ho Chi Minh,Electronics,web,1,14239212,14239212,SUCCESS,1
TX000363,9/30/2026,20:15:00,Ho Chi Minh,Sport,partner,2,2490505,4981010,SUCCESS,3
TX000364,9/3/2026,15:40:00,Dong Nai,Fashion,web,1,267614,267614,SUCCESS,5
TX000365,9/9/2026,18:56:00,Ho Chi Minh,Fashion,web,1,990705,990705,SUCCESS,1
TX000366,9/9/2026,5:02:00,Da Nang,Grocery,partner,2,214719,429438,SUCCESS,4
TX000367,9/11/2026,22:55:00,Da Nang,Electronics,web,1,9725816,9725816,SUCCESS,4
TX000368,9/14/2026,16:02:00,Bac Ninh,Electronics,web,1,11766447,11766447,SUCCESS,3
TX000369,9/21/2026,22:50:00,Ho Chi Minh,Electronics,partner,1,13517257,13517257,SUCCESS,1
TX000370,9/15/2026,18:39:00,Binh Duong,Electronics,mobile,1,4399886,4399886,SUCCESS,4
TX000371,9/19/2026,22:57:00,Lam Dong,Electronics,mobile,1,8807382,8807382,SUCCESS,4
TX000372,9/23/2026,20:45:00,Hai Phong,Electronics,web,1,14382955,14382955,SUCCESS,3
TX000373,9/16/2026,7:11:00,Ha Noi,Grocery,partner,1,167655,167655,SUCCESS,4
TX000374,9/10/2026,0:23:00,Ho Chi Minh,Book,mobile,2,87562,175124,SUCCESS,4
TX000375,9/17/2026,14:58:00,Ho Chi Minh,Fashion,partner,1,759251,759251,RETURNED,4
TX000376,9/18/2026,0:18:00,Ha Noi,Beauty,mobile,1,589709,589709,SUCCESS,3
TX000377,9/22/2026,10:39:00,Ha Noi,Electronics,mobile,1,8309355,8309355,SUCCESS,1
TX000378,9/27/2026,12:47:00,Khanh Hoa,Grocery,partner,1,61514,61514,SUCCESS,6
TX000379,9/13/2026,8:20:00,Can Tho,Sport,mobile,1,1119591,1119591,SUCCESS,5
TX000380,9/28/2026,4:11:00,Da Nang,Electronics,web,1,17999053,17999053,SUCCESS,3
TX000381,9/16/2026,18:46:00,Hai Phong,Fashion,web,4,615357,2461428,RETURNED,6
TX000382,9/16/2026,13:19:00,Khanh Hoa,Book,partner,1,405464,405464,SUCCESS,5
TX000383,9/15/2026,23:40:00,Ho Chi Minh,Electronics,mobile,4,5849856,23399424,RETURNED,4
TX000384,9/4/2026,2:04:00,Da Nang,Sport,web,1,1886610,1886610,SUCCESS,4
TX000385,9/9/2026,13:16:00,Ha Noi,Electronics,partner,1,10154423,10154423,SUCCESS,4
TX000386,9/30/2026,13:30:00,Ho Chi Minh,Home,mobile,2,2098116,4196232,SUCCESS,3
TX000387,9/11/2026,3:05:00,Binh Duong,Toy,web,1,1887758,1887758,SUCCESS,5
TX000388,9/28/2026,16:01:00,Binh Duong,Fashion,mobile,2,946593,1893186,SUCCESS,2
TX000389,9/21/2026,19:03:00,Dong Nai,Electronics,mobile,1,9445050,9445050,SUCCESS,4
TX000390,9/19/2026,2:45:00,Khanh Hoa,Beauty,web,1,697442,697442,FAILED,6
TX000391,9/23/2026,18:51:00,Ha Noi,Beauty,mobile,1,1025576,1025576,SUCCESS,2
TX000392,9/5/2026,2:30:00,Ho Chi Minh,Beauty,mobile,1,1022456,1022456,SUCCESS,2
TX000393,9/26/2026,1:07:00,Ho Chi Minh,Beauty,mobile,1,455110,455110,SUCCESS,4
TX000394,9/29/2026,12:15:00,Ha Noi,Sport,web,1,2237201,2237201,SUCCESS,4
TX000395,9/10/2026,20:53:00,Da Nang,Grocery,web,1,71631,71631,SUCCESS,3
TX000396,9/9/2026,9:53:00,Ha Noi,Book,web,1,67003,67003,SUCCESS,2
TX000397,9/13/2026,22:37:00,Can Tho,Beauty,web,1,835370,835370,SUCCESS,6
TX000398,9/20/2026,10:45:00,Dong Nai,Electronics,web,1,16997991,16997991,SUCCESS,2
TX000399,9/27/2026,0:05:00,Hai Phong,Book,web,2,411053,822106,SUCCESS,4
TX000400,9/28/2026,22:58:00,Da Nang,Grocery,partner,1,453614,453614,SUCCESS,2
TX000401,9/10/2026,10:27:00,Binh Duong,Toy,mobile,1,1413473,1413473,SUCCESS,2
TX000402,9/14/2026,15:59:00,Ho Chi Minh,Fashion,mobile,3,358732,1076196,FAILED,2
TX000403,9/16/2026,9:07:00,Khanh Hoa,Grocery,mobile,2,368507,737014,SUCCESS,5
TX000404,9/19/2026,20:08:00,Khanh Hoa,Electronics,web,1,11244309,11244309,FAILED,5
TX000405,9/7/2026,19:04:00,Ho Chi Minh,Electronics,partner,2,13790991,27581982,SUCCESS,3
TX000406,9/2/2026,10:32:00,Ho Chi Minh,Electronics,web,1,9173950,9173950,SUCCESS,2
TX000407,9/21/2026,4:43:00,Ho Chi Minh,Home,partner,1,4592509,4592509,SUCCESS,1
TX000408,9/7/2026,0:57:00,Ha Noi,Electronics,web,2,14205302,28410604,SUCCESS,3
TX000409,9/27/2026,6:50:00,Binh Duong,Book,web,2,150949,301898,SUCCESS,4
TX000410,9/8/2026,4:01:00,Ho Chi Minh,Electronics,web,2,4635144,9270288,SUCCESS,2
TX000411,9/4/2026,5:48:00,Ho Chi Minh,Sport,partner,1,594289,594289,SUCCESS,2
TX000412,9/28/2026,3:07:00,Khanh Hoa,Book,partner,2,224237,448474,SUCCESS,3
TX000413,9/22/2026,7:28:00,Ha Noi,Fashion,mobile,1,1106806,1106806,FAILED,3
TX000414,9/21/2026,15:06:00,Ho Chi Minh,Electronics,partner,1,4987861,4987861,SUCCESS,4
TX000415,9/5/2026,20:51:00,Ho Chi Minh,Book,mobile,1,359610,359610,RETURNED,5
TX000416,9/10/2026,11:27:00,Dong Nai,Grocery,partner,1,315488,315488,RETURNED,6
TX000417,9/28/2026,3:04:00,Ho Chi Minh,Grocery,web,2,191499,382998,SUCCESS,1
TX000418,9/10/2026,21:41:00,Dong Nai,Sport,partner,1,1372653,1372653,SUCCESS,3
TX000419,9/15/2026,9:48:00,Ho Chi Minh,Home,web,1,268109,268109,SUCCESS,3
TX000420,9/17/2026,19:17:00,Khanh Hoa,Toy,mobile,1,1542666,1542666,SUCCESS,6
TX000421,9/18/2026,8:46:00,Ho Chi Minh,Electronics,web,1,7018677,7018677,SUCCESS,2
TX000422,9/1/2026,12:40:00,Ha Noi,Electronics,partner,2,17530986,35061972,SUCCESS,4
TX000423,9/9/2026,4:23:00,Ho Chi Minh,Grocery,partner,1,216283,216283,FAILED,2
TX000424,9/23/2026,20:01:00,Ho Chi Minh,Sport,partner,1,624645,624645,SUCCESS,2
TX000425,9/24/2026,22:58:00,Bac Ninh,Toy,partner,1,1060802,1060802,SUCCESS,3
TX000426,9/29/2026,20:09:00,Da Nang,Grocery,mobile,1,310511,310511,SUCCESS,5
TX000427,9/14/2026,9:48:00,Ho Chi Minh,Electronics,mobile,1,11402924,11402924,SUCCESS,1
TX000428,9/23/2026,1:29:00,Ha Noi,Grocery,partner,2,99488,198976,SUCCESS,2
TX000429,9/21/2026,7:51:00,Ho Chi Minh,Electronics,mobile,1,9125418,9125418,FAILED,4
TX000430,9/18/2026,10:31:00,Ha Noi,Grocery,mobile,2,332911,665822,SUCCESS,2
TX000431,9/19/2026,3:32:00,Ho Chi Minh,Grocery,mobile,1,388356,388356,SUCCESS,3
TX000432,9/18/2026,9:15:00,Hai Phong,Toy,mobile,1,1995273,1995273,SUCCESS,4
TX000433,9/5/2026,11:20:00,Ho Chi Minh,Grocery,partner,1,414991,414991,RETURNED,4
TX000434,9/1/2026,9:15:00,Dong Nai,Electronics,web,1,4478226,4478226,SUCCESS,2
TX000435,9/28/2026,0:57:00,Can Tho,Home,web,2,3353767,6707534,SUCCESS,4
TX000436,9/9/2026,9:15:00,Ho Chi Minh,Grocery,mobile,2,174904,349808,SUCCESS,1
TX000437,9/18/2026,16:26:00,Ho Chi Minh,Electronics,partner,1,10080678,10080678,SUCCESS,2
TX000438,9/20/2026,15:02:00,Ha Noi,Book,web,1,68277,68277,SUCCESS,4
TX000439,9/30/2026,17:06:00,Can Tho,Sport,mobile,1,2560215,2560215,RETURNED,10
TX000440,9/19/2026,9:10:00,Dong Nai,Home,mobile,2,1216729,2433458,SUCCESS,4
TX000441,9/3/2026,12:17:00,Can Tho,Toy,partner,1,1428519,1428519,SUCCESS,6
TX000442,9/9/2026,16:37:00,Ho Chi Minh,Fashion,mobile,1,873425,873425,SUCCESS,2
TX000443,9/18/2026,16:38:00,Ha Noi,Grocery,web,1,309938,309938,SUCCESS,4
TX000444,9/10/2026,15:12:00,Binh Duong,Book,partner,1,353744,353744,SUCCESS,5
TX000445,9/3/2026,2:01:00,Ha Noi,Book,web,1,76192,76192,SUCCESS,1
TX000446,9/23/2026,15:00:00,Da Nang,Book,web,1,226864,226864,SUCCESS,3
TX000447,9/27/2026,23:48:00,Ha Noi,Electronics,web,1,10390336,10390336,RETURNED,3
TX000448,9/29/2026,18:31:00,Can Tho,Beauty,partner,1,95149,95149,FAILED,6
TX000449,9/22/2026,15:55:00,Hai Phong,Electronics,partner,1,10291564,10291564,SUCCESS,2
TX000450,9/14/2026,16:59:00,Ho Chi Minh,Electronics,mobile,1,9106733,9106733,SUCCESS,2
TX000451,9/3/2026,9:57:00,Ha Noi,Home,mobile,1,561679,561679,SUCCESS,3
TX000452,9/29/2026,1:43:00,Binh Duong,Beauty,web,1,1206926,1206926,SUCCESS,2
TX000453,9/21/2026,5:51:00,Da Nang,Fashion,web,1,803010,803010,FAILED,5
TX000454,9/4/2026,8:18:00,Ho Chi Minh,Grocery,mobile,1,143332,143332,SUCCESS,3
TX000455,9/10/2026,4:52:00,Ho Chi Minh,Electronics,partner,2,3201579,6403158,SUCCESS,3
TX000456,9/8/2026,3:15:00,Binh Duong,Book,partner,1,265847,265847,SUCCESS,2
TX000457,9/20/2026,11:36:00,Binh Duong,Fashion,partner,1,1030685,1030685,RETURNED,6
TX000458,9/23/2026,22:44:00,Ha Noi,Grocery,web,1,267209,267209,SUCCESS,2
TX000459,9/17/2026,7:28:00,Ho Chi Minh,Book,mobile,1,400767,400767,SUCCESS,4
TX000460,9/7/2026,7:24:00,Dong Nai,Fashion,mobile,1,1093698,1093698,SUCCESS,4
TX000461,9/13/2026,6:40:00,Hai Phong,Book,mobile,2,226000,452000,SUCCESS,4
TX000462,9/29/2026,4:15:00,Ha Noi,Fashion,mobile,1,549313,549313,RETURNED,4
TX000463,9/17/2026,1:15:00,Khanh Hoa,Grocery,partner,1,58552,58552,FAILED,6
TX000464,9/25/2026,4:58:00,Hai Phong,Grocery,web,2,355557,711114,SUCCESS,5
TX000465,9/14/2026,2:58:00,Lam Dong,Electronics,mobile,1,6728636,6728636,RETURNED,6
TX000466,9/25/2026,15:23:00,Lam Dong,Grocery,partner,1,416772,416772,SUCCESS,7
TX000467,9/16/2026,6:52:00,Ho Chi Minh,Fashion,web,1,1139527,1139527,SUCCESS,3
TX000468,9/12/2026,19:59:00,Ha Noi,Fashion,web,2,219235,438470,SUCCESS,3
TX000469,9/8/2026,23:32:00,Dong Nai,Beauty,partner,1,166300,166300,SUCCESS,3
TX000470,9/2/2026,13:53:00,Can Tho,Toy,web,2,324783,649566,SUCCESS,6
TX000471,9/21/2026,20:18:00,Khanh Hoa,Electronics,partner,2,12315933,24631866,SUCCESS,3
TX000472,9/22/2026,19:10:00,Khanh Hoa,Electronics,partner,1,5121711,5121711,SUCCESS,4
TX000473,9/24/2026,23:00:00,Ha Noi,Sport,mobile,3,2989809,8969427,RETURNED,6
TX000474,9/15/2026,11:04:00,Da Nang,Grocery,mobile,1,238434,238434,SUCCESS,4
TX000475,9/26/2026,12:47:00,Ha Noi,Beauty,web,2,685309,1370618,SUCCESS,1
TX000476,9/10/2026,10:57:00,Ho Chi Minh,Toy,partner,1,928701,928701,SUCCESS,2
TX000477,9/22/2026,0:45:00,Hai Phong,Beauty,mobile,2,687048,1374096,SUCCESS,4
TX000478,9/26/2026,10:53:00,Binh Duong,Fashion,mobile,1,443011,443011,SUCCESS,3
TX000479,9/30/2026,8:16:00,Ha Noi,Electronics,partner,2,10501860,21003720,SUCCESS,4
TX000480,9/6/2026,10:37:00,Ho Chi Minh,Beauty,web,2,202705,405410,SUCCESS,2
TX000481,9/13/2026,9:49:00,Ho Chi Minh,Book,partner,2,202915,405830,SUCCESS,1
TX000482,9/8/2026,14:33:00,Da Nang,Home,partner,1,1003908,1003908,SUCCESS,3
TX000483,9/13/2026,19:22:00,Ho Chi Minh,Grocery,mobile,1,83696,83696,FAILED,1
TX000484,9/21/2026,22:58:00,Khanh Hoa,Electronics,web,1,5603420,5603420,RETURNED,10
TX000485,9/14/2026,20:47:00,Ha Noi,Home,web,1,2100644,2100644,RETURNED,5
TX000486,9/1/2026,20:32:00,Binh Duong,Beauty,web,1,1463677,1463677,FAILED,2
TX000487,9/14/2026,17:28:00,Can Tho,Beauty,partner,1,467515,467515,SUCCESS,5
TX000488,9/16/2026,19:55:00,Ho Chi Minh,Home,partner,1,317308,317308,RETURNED,3
TX000489,9/5/2026,11:47:00,Khanh Hoa,Sport,mobile,1,2974971,2974971,SUCCESS,6
TX000490,9/10/2026,18:02:00,Ho Chi Minh,Fashion,web,1,379240,379240,SUCCESS,1
TX000491,9/15/2026,22:23:00,Ho Chi Minh,Fashion,mobile,4,774325,3097300,SUCCESS,1
TX000492,9/17/2026,17:20:00,Ha Noi,Toy,partner,1,370663,370663,SUCCESS,1
TX000493,9/8/2026,16:17:00,Ha Noi,Toy,partner,1,1590855,1590855,SUCCESS,3
TX000494,9/19/2026,5:09:00,Ho Chi Minh,Book,web,1,196219,196219,SUCCESS,2
TX000495,9/5/2026,12:47:00,Binh Duong,Home,partner,1,2942704,2942704,SUCCESS,2
TX000496,9/24/2026,15:55:00,Binh Duong,Home,web,1,4434525,4434525,FAILED,2
TX000497,9/20/2026,14:07:00,Khanh Hoa,Electronics,partner,1,16303370,16303370,SUCCESS,5
TX000498,9/8/2026,11:17:00,Ho Chi Minh,Electronics,partner,1,14255374,14255374,SUCCESS,4
TX000499,9/8/2026,2:43:00,Ho Chi Minh,Fashion,mobile,1,912299,912299,SUCCESS,3
TX000500,9/27/2026,13:50:00,Ha Noi,Sport,partner,1,1877757,1877757,SUCCESS,2
TX000501,9/15/2026,4:53:00,Da Nang,Sport,partner,1,2408283,2408283,SUCCESS,5
TX000502,9/24/2026,10:15:00,Khanh Hoa,Fashion,mobile,1,166633,166633,SUCCESS,4
TX000503,9/23/2026,14:33:00,Ho Chi Minh,Beauty,mobile,1,841967,841967,RETURNED,3
TX000504,9/13/2026,1:37:00,Ha Noi,Toy,mobile,1,776400,776400,SUCCESS,4
TX000505,9/10/2026,13:05:00,Ho Chi Minh,Electronics,partner,1,11328305,11328305,SUCCESS,4
TX000506,9/25/2026,22:05:00,Ha Noi,Electronics,partner,2,7459208,14918416,FAILED,4
TX000507,9/29/2026,12:35:00,Ha Noi,Electronics,mobile,2,16718478,33436956,FAILED,2
TX000508,9/13/2026,3:33:00,Dong Nai,Book,mobile,1,175033,175033,FAILED,5
TX000509,9/26/2026,11:28:00,Bac Ninh,Grocery,partner,2,113549,227098,SUCCESS,4
TX000510,9/2/2026,22:07:00,Lam Dong,Grocery,mobile,3,480669,1442007,FAILED,3
TX000511,9/7/2026,9:31:00,Ha Noi,Grocery,mobile,2,303656,607312,SUCCESS,1
TX000512,9/15/2026,23:40:00,Dong Nai,Beauty,mobile,1,304005,304005,SUCCESS,2
TX000513,9/25/2026,6:41:00,Ho Chi Minh,Sport,web,1,757803,757803,SUCCESS,3
TX000514,9/30/2026,8:56:00,Lam Dong,Book,partner,1,339788,339788,SUCCESS,3
TX000515,9/11/2026,18:11:00,Dong Nai,Fashion,partner,2,655892,1311784,FAILED,4
TX000516,9/19/2026,11:46:00,Binh Duong,Fashion,partner,2,1151152,2302304,SUCCESS,3
TX000517,9/12/2026,21:02:00,Ho Chi Minh,Fashion,web,2,1070558,2141116,SUCCESS,4
TX000518,9/29/2026,14:16:00,Ho Chi Minh,Grocery,partner,1,160864,160864,RETURNED,8
TX000519,9/7/2026,1:49:00,Ho Chi Minh,Beauty,web,2,949262,1898524,RETURNED,3
TX000520,9/26/2026,10:03:00,Can Tho,Book,mobile,1,187249,187249,SUCCESS,3
TX000521,9/8/2026,17:49:00,Lam Dong,Electronics,partner,1,15801504,15801504,RETURNED,8
TX000522,9/23/2026,11:45:00,Ho Chi Minh,Grocery,web,2,462059,924118,SUCCESS,3
TX000523,9/29/2026,2:40:00,Ho Chi Minh,Fashion,partner,1,299807,299807,SUCCESS,4
TX000524,9/28/2026,4:17:00,Ho Chi Minh,Electronics,web,3,3171400,9514200,SUCCESS,1
TX000525,9/12/2026,13:03:00,Ho Chi Minh,Fashion,web,1,897836,897836,RETURNED,6
TX000526,9/15/2026,10:35:00,Hai Phong,Grocery,partner,1,194243,194243,SUCCESS,4
TX000527,9/13/2026,0:05:00,Ho Chi Minh,Grocery,web,2,416331,832662,SUCCESS,2
TX000528,9/11/2026,11:04:00,Ha Noi,Grocery,mobile,4,258814,1035256,SUCCESS,4
TX000529,9/6/2026,2:52:00,Dong Nai,Home,partner,1,1715443,1715443,SUCCESS,3
TX000530,9/1/2026,4:30:00,Ho Chi Minh,Grocery,mobile,1,159057,159057,RETURNED,5
TX000531,9/27/2026,20:48:00,Khanh Hoa,Electronics,mobile,3,12056145,36168435,SUCCESS,3
TX000532,9/2/2026,23:53:00,Can Tho,Toy,mobile,1,1743835,1743835,SUCCESS,7
TX000533,9/5/2026,5:05:00,Ho Chi Minh,Electronics,mobile,1,14585442,14585442,RETURNED,3
TX000534,9/23/2026,8:08:00,Binh Duong,Beauty,mobile,1,281560,281560,FAILED,5
TX000535,9/26/2026,15:00:00,Da Nang,Electronics,mobile,1,15377967,15377967,RETURNED,5
TX000536,9/24/2026,23:55:00,Can Tho,Grocery,partner,1,259300,259300,SUCCESS,4
TX000537,9/20/2026,11:11:00,Ho Chi Minh,Electronics,mobile,1,3768005,3768005,SUCCESS,3
TX000538,9/12/2026,14:22:00,Da Nang,Beauty,mobile,1,1050727,1050727,SUCCESS,4
TX000539,9/27/2026,17:23:00,Hai Phong,Beauty,mobile,4,522642,2090568,SUCCESS,2
TX000540,9/25/2026,7:40:00,Ha Noi,Fashion,partner,1,480155,480155,SUCCESS,3
TX000541,9/18/2026,23:26:00,Binh Duong,Electronics,mobile,1,5733671,5733671,SUCCESS,3
TX000542,9/29/2026,11:49:00,Dong Nai,Grocery,mobile,1,433555,433555,FAILED,5
TX000543,9/22/2026,10:59:00,Ha Noi,Grocery,mobile,1,184576,184576,FAILED,4
TX000544,9/23/2026,13:26:00,Binh Duong,Grocery,web,1,285588,285588,SUCCESS,5
TX000545,9/3/2026,18:18:00,Ho Chi Minh,Grocery,partner,1,170429,170429,SUCCESS,4
TX000546,9/20/2026,20:28:00,Ha Noi,Fashion,web,2,1104068,2208136,SUCCESS,4
TX000547,9/14/2026,8:27:00,Hai Phong,Fashion,web,2,875510,1751020,SUCCESS,3
TX000548,9/10/2026,1:53:00,Ha Noi,Grocery,web,1,189201,189201,SUCCESS,2
TX000549,9/23/2026,21:55:00,Ha Noi,Electronics,web,1,15649225,15649225,SUCCESS,3
TX000550,9/26/2026,8:25:00,Ho Chi Minh,Electronics,web,2,4694426,9388852,RETURNED,2
TX000551,9/29/2026,16:02:00,Ha Noi,Electronics,mobile,2,13334572,26669144,SUCCESS,3
TX000552,9/7/2026,6:29:00,Ha Noi,Electronics,mobile,1,15150249,15150249,SUCCESS,4
TX000553,9/29/2026,15:31:00,Can Tho,Electronics,mobile,1,15350649,15350649,SUCCESS,3
TX000554,9/7/2026,15:01:00,Binh Duong,Beauty,partner,1,922322,922322,SUCCESS,3
TX000555,9/3/2026,15:08:00,Bac Ninh,Toy,partner,1,1976795,1976795,FAILED,7
TX000556,9/7/2026,16:24:00,Hai Phong,Grocery,mobile,1,395675,395675,SUCCESS,4
TX000557,9/6/2026,17:37:00,Ho Chi Minh,Grocery,web,1,298263,298263,SUCCESS,3
TX000558,9/14/2026,19:59:00,Hai Phong,Toy,mobile,1,329654,329654,SUCCESS,2
TX000559,9/14/2026,13:27:00,Da Nang,Electronics,mobile,1,12574291,12574291,SUCCESS,4
TX000560,9/13/2026,22:47:00,Can Tho,Home,mobile,1,1082707,1082707,FAILED,5
TX000561,9/5/2026,11:01:00,Ha Noi,Grocery,partner,1,78364,78364,SUCCESS,4
TX000562,9/26/2026,10:32:00,Ho Chi Minh,Fashion,partner,1,1166116,1166116,SUCCESS,4
TX000563,9/21/2026,19:56:00,Ha Noi,Beauty,web,2,148382,296764,SUCCESS,4
TX000564,9/6/2026,12:01:00,Ho Chi Minh,Fashion,web,1,366923,366923,SUCCESS,4
TX000565,9/14/2026,21:19:00,Khanh Hoa,Electronics,mobile,1,17601193,17601193,SUCCESS,6
TX000566,9/18/2026,4:07:00,Ho Chi Minh,Beauty,partner,1,1046653,1046653,SUCCESS,1
TX000567,9/29/2026,9:07:00,Ho Chi Minh,Fashion,partner,1,830930,830930,SUCCESS,1
TX000568,9/29/2026,16:14:00,Binh Duong,Beauty,web,1,1216308,1216308,SUCCESS,2
TX000569,9/30/2026,22:59:00,Lam Dong,Electronics,web,1,1836647,1836647,SUCCESS,7
TX000570,9/23/2026,8:49:00,Dong Nai,Electronics,web,1,15863871,15863871,RETURNED,6
TX000571,9/9/2026,7:31:00,Ho Chi Minh,Electronics,mobile,1,11494305,11494305,SUCCESS,1
TX000572,9/7/2026,11:36:00,Ho Chi Minh,Fashion,mobile,2,373684,747368,SUCCESS,1
TX000573,9/3/2026,18:13:00,Ho Chi Minh,Grocery,web,1,45155,45155,SUCCESS,1
TX000574,9/26/2026,5:53:00,Can Tho,Electronics,partner,1,14848128,14848128,SUCCESS,4
TX000575,9/20/2026,6:51:00,Lam Dong,Grocery,partner,1,456059,456059,RETURNED,9
TX000576,9/12/2026,10:02:00,Dong Nai,Fashion,mobile,1,566177,566177,SUCCESS,2
TX000577,9/6/2026,14:19:00,Dong Nai,Beauty,mobile,1,1138684,1138684,SUCCESS,5
TX000578,9/12/2026,4:37:00,Can Tho,Fashion,partner,1,1084269,1084269,SUCCESS,3
TX000579,9/8/2026,21:32:00,Ho Chi Minh,Sport,partner,2,2409259,4818518,SUCCESS,4
TX000580,9/6/2026,14:48:00,Ho Chi Minh,Home,partner,2,1246595,2493190,SUCCESS,2
TX000581,9/1/2026,21:36:00,Binh Duong,Beauty,mobile,4,1391216,5564864,RETURNED,5
TX000582,9/28/2026,13:56:00,Ha Noi,Electronics,web,1,14490446,14490446,SUCCESS,2
TX000583,9/27/2026,18:25:00,Ha Noi,Electronics,partner,4,9911551,39646204,SUCCESS,3
TX000584,9/26/2026,11:47:00,Khanh Hoa,Electronics,partner,1,15531583,15531583,SUCCESS,5
TX000585,9/2/2026,23:28:00,Khanh Hoa,Fashion,partner,1,1000934,1000934,FAILED,3
TX000586,9/11/2026,6:26:00,Bac Ninh,Grocery,web,1,133220,133220,SUCCESS,6
TX000587,9/27/2026,23:12:00,Binh Duong,Sport,partner,1,378307,378307,SUCCESS,2
TX000588,9/29/2026,4:43:00,Ho Chi Minh,Electronics,web,2,16180583,32361166,SUCCESS,2
TX000589,9/21/2026,2:41:00,Ha Noi,Book,web,2,405238,810476,SUCCESS,4
TX000590,9/28/2026,6:53:00,Binh Duong,Book,partner,2,274450,548900,SUCCESS,5
TX000591,9/15/2026,22:28:00,Da Nang,Electronics,web,1,1612336,1612336,SUCCESS,5
TX000592,9/12/2026,1:35:00,Ha Noi,Electronics,mobile,2,5484255,10968510,SUCCESS,2
TX000593,9/15/2026,1:09:00,Da Nang,Fashion,mobile,1,423248,423248,RETURNED,4
TX000594,9/9/2026,14:49:00,Can Tho,Beauty,web,1,1267191,1267191,SUCCESS,6
TX000595,9/23/2026,13:41:00,Ha Noi,Electronics,web,2,8683480,17366960,SUCCESS,4
TX000596,9/19/2026,5:14:00,Ha Noi,Toy,web,1,368638,368638,SUCCESS,3
TX000597,9/2/2026,8:25:00,Ha Noi,Fashion,web,1,669451,669451,SUCCESS,3
TX000598,9/1/2026,22:55:00,Dong Nai,Electronics,partner,1,4923502,4923502,SUCCESS,5
TX000599,9/3/2026,23:24:00,Ha Noi,Sport,partner,1,1483585,1483585,SUCCESS,1
TX000600,9/27/2026,17:30:00,Ha Noi,Grocery,web,1,159589,159589,SUCCESS,4
TX000601,9/4/2026,16:55:00,Binh Duong,Home,partner,1,4471131,4471131,SUCCESS,4
TX000602,9/22/2026,23:53:00,Hai Phong,Grocery,mobile,2,364551,729102,SUCCESS,3
TX000603,9/10/2026,22:45:00,Ho Chi Minh,Sport,mobile,1,502439,502439,SUCCESS,1
TX000604,9/24/2026,7:31:00,Can Tho,Grocery,partner,1,244409,244409,SUCCESS,5
TX000605,9/4/2026,10:53:00,Ho Chi Minh,Electronics,mobile,1,3822581,3822581,SUCCESS,3
TX000606,9/14/2026,18:38:00,Binh Duong,Beauty,mobile,2,369124,738248,SUCCESS,4
TX000607,9/19/2026,11:11:00,Dong Nai,Beauty,partner,1,393065,393065,SUCCESS,3
TX000608,9/27/2026,17:09:00,Binh Duong,Beauty,mobile,2,736565,1473130,SUCCESS,5
TX000609,9/26/2026,9:58:00,Ha Noi,Electronics,partner,1,5506565,5506565,SUCCESS,4
TX000610,9/25/2026,11:12:00,Ho Chi Minh,Grocery,web,2,110578,221156,SUCCESS,4
TX000611,9/22/2026,14:35:00,Ha Noi,Grocery,web,2,78885,157770,SUCCESS,1
TX000612,9/10/2026,1:21:00,Ha Noi,Toy,mobile,1,1023498,1023498,SUCCESS,2
TX000613,9/19/2026,16:46:00,Ho Chi Minh,Toy,web,2,342487,684974,SUCCESS,4
TX000614,9/28/2026,11:24:00,Da Nang,Fashion,partner,4,1173766,4695064,SUCCESS,5
TX000615,9/12/2026,5:36:00,Ho Chi Minh,Sport,mobile,2,1357589,2715178,SUCCESS,3
TX000616,9/28/2026,21:35:00,Dong Nai,Home,mobile,1,4040540,4040540,SUCCESS,2
TX000617,9/2/2026,23:41:00,Ha Noi,Home,partner,1,4339673,4339673,RETURNED,2
TX000618,9/15/2026,20:05:00,Ho Chi Minh,Electronics,partner,1,8158252,8158252,SUCCESS,3
TX000619,9/19/2026,4:11:00,Dong Nai,Fashion,partner,1,645558,645558,SUCCESS,2
TX000620,9/30/2026,21:38:00,Ha Noi,Toy,web,1,1342947,1342947,SUCCESS,4
TX000621,9/4/2026,12:44:00,Hai Phong,Electronics,partner,1,10368824,10368824,SUCCESS,2
TX000622,9/24/2026,19:07:00,Can Tho,Beauty,web,1,1011107,1011107,SUCCESS,4
TX000623,9/18/2026,1:12:00,Khanh Hoa,Electronics,partner,1,1738160,1738160,FAILED,4
TX000624,9/8/2026,14:27:00,Ha Noi,Grocery,web,2,324678,649356,SUCCESS,2
TX000625,9/17/2026,5:28:00,Ho Chi Minh,Electronics,web,2,11811261,23622522,SUCCESS,3
TX000626,9/4/2026,1:32:00,Khanh Hoa,Fashion,mobile,1,333518,333518,RETURNED,8
TX000627,9/8/2026,23:30:00,Can Tho,Sport,partner,1,1753781,1753781,SUCCESS,7
TX000628,9/1/2026,14:31:00,Ha Noi,Book,web,1,436879,436879,SUCCESS,3
TX000629,9/7/2026,21:39:00,Ho Chi Minh,Book,partner,2,222328,444656,SUCCESS,4
TX000630,9/14/2026,3:04:00,Binh Duong,Fashion,partner,2,838753,1677506,SUCCESS,3
TX000631,9/18/2026,8:41:00,Ho Chi Minh,Electronics,web,4,1402758,5611032,RETURNED,3
TX000632,9/27/2026,23:18:00,Da Nang,Home,partner,1,4118102,4118102,SUCCESS,3
TX000633,9/12/2026,7:56:00,Ho Chi Minh,Grocery,web,1,482159,482159,SUCCESS,4
TX000634,9/22/2026,22:28:00,Ha Noi,Fashion,mobile,1,749631,749631,SUCCESS,3
TX000635,9/26/2026,14:00:00,Da Nang,Electronics,mobile,1,5785426,5785426,SUCCESS,5
TX000636,9/19/2026,22:11:00,Lam Dong,Toy,web,1,1925978,1925978,RETURNED,8
TX000637,9/20/2026,20:33:00,Lam Dong,Beauty,web,1,1411649,1411649,SUCCESS,4
TX000638,9/22/2026,17:48:00,Ha Noi,Home,web,1,1436207,1436207,RETURNED,3
TX000639,9/5/2026,4:49:00,Can Tho,Sport,partner,1,1940428,1940428,SUCCESS,7
TX000640,9/18/2026,10:06:00,Da Nang,Beauty,web,1,802244,802244,SUCCESS,4
TX000641,9/8/2026,15:56:00,Dong Nai,Electronics,web,1,3543491,3543491,SUCCESS,3
TX000642,9/23/2026,3:21:00,Ha Noi,Sport,partner,4,954823,3819292,FAILED,4
TX000643,9/29/2026,10:02:00,Ha Noi,Book,partner,1,248038,248038,SUCCESS,4
TX000644,9/5/2026,14:06:00,Ha Noi,Fashion,mobile,1,207785,207785,RETURNED,7
TX000645,9/16/2026,8:07:00,Da Nang,Fashion,web,1,781072,781072,SUCCESS,4
TX000646,9/1/2026,3:22:00,Ho Chi Minh,Beauty,partner,1,1192810,1192810,SUCCESS,4
TX000647,9/19/2026,19:14:00,Can Tho,Electronics,web,1,12010686,12010686,SUCCESS,7
TX000648,9/16/2026,20:28:00,Ho Chi Minh,Sport,web,1,750462,750462,SUCCESS,1
TX000649,9/23/2026,15:52:00,Binh Duong,Fashion,web,1,472432,472432,SUCCESS,2
TX000650,9/20/2026,19:01:00,Bac Ninh,Electronics,partner,3,12155548,36466644,SUCCESS,4
TX000651,9/29/2026,20:00:00,Hai Phong,Electronics,partner,1,12366952,12366952,SUCCESS,5
TX000652,9/30/2026,5:20:00,Binh Duong,Toy,partner,1,303586,303586,SUCCESS,3
TX000653,9/6/2026,6:49:00,Da Nang,Electronics,mobile,1,11715029,11715029,FAILED,5
TX000654,9/17/2026,14:42:00,Binh Duong,Sport,partner,1,2081908,2081908,RETURNED,7
TX000655,9/21/2026,17:50:00,Ha Noi,Fashion,partner,1,791380,791380,SUCCESS,3
TX000656,9/18/2026,3:27:00,Ha Noi,Home,web,1,640958,640958,SUCCESS,2
TX000657,9/25/2026,22:29:00,Ho Chi Minh,Grocery,partner,1,427260,427260,SUCCESS,2
TX000658,9/25/2026,22:34:00,Ho Chi Minh,Electronics,web,1,3016076,3016076,FAILED,2
TX000659,9/9/2026,21:42:00,Binh Duong,Electronics,web,3,4620801,13862403,SUCCESS,2
TX000660,9/24/2026,10:59:00,Can Tho,Grocery,partner,1,158451,158451,SUCCESS,4
TX000661,9/18/2026,2:00:00,Binh Duong,Toy,web,1,1439850,1439850,SUCCESS,2
TX000662,9/6/2026,13:18:00,Ho Chi Minh,Book,mobile,2,350407,700814,SUCCESS,2
TX000663,9/23/2026,0:51:00,Bac Ninh,Beauty,partner,2,213165,426330,SUCCESS,7
TX000664,9/25/2026,2:59:00,Ho Chi Minh,Grocery,web,1,375286,375286,SUCCESS,1
TX000665,9/27/2026,4:08:00,Ha Noi,Electronics,mobile,1,9815452,9815452,RETURNED,3
TX000666,9/3/2026,2:25:00,Lam Dong,Grocery,partner,4,103324,413296,SUCCESS,7
TX000667,9/10/2026,13:12:00,Hai Phong,Book,mobile,1,148604,148604,SUCCESS,4
TX000668,9/6/2026,20:20:00,Hai Phong,Grocery,partner,2,230163,460326,SUCCESS,3
TX000669,9/10/2026,6:33:00,Ha Noi,Beauty,mobile,1,1438474,1438474,SUCCESS,4
TX000670,9/2/2026,4:18:00,Lam Dong,Fashion,mobile,1,381349,381349,SUCCESS,5
TX000671,9/7/2026,15:49:00,Dong Nai,Fashion,web,1,325409,325409,FAILED,5
TX000672,9/25/2026,1:45:00,Ho Chi Minh,Grocery,mobile,1,348487,348487,SUCCESS,4
TX000673,9/27/2026,22:57:00,Ha Noi,Electronics,partner,1,6417421,6417421,RETURNED,6
TX000674,9/21/2026,20:01:00,Ha Noi,Toy,mobile,1,710024,710024,SUCCESS,3
TX000675,9/15/2026,5:35:00,Dong Nai,Book,partner,1,136566,136566,RETURNED,6
TX000676,9/24/2026,3:37:00,Lam Dong,Electronics,web,1,17903570,17903570,SUCCESS,5
TX000677,9/25/2026,0:50:00,Hai Phong,Electronics,mobile,2,16254264,32508528,SUCCESS,2
TX000678,9/23/2026,13:13:00,Ho Chi Minh,Fashion,partner,1,828750,828750,SUCCESS,1
TX000679,9/29/2026,17:24:00,Da Nang,Electronics,web,1,11428055,11428055,SUCCESS,4
TX000680,9/1/2026,5:37:00,Ho Chi Minh,Beauty,web,1,983461,983461,FAILED,4
TX000681,9/23/2026,4:23:00,Ha Noi,Beauty,web,2,864983,1729966,SUCCESS,3
TX000682,9/20/2026,23:02:00,Can Tho,Grocery,mobile,1,421690,421690,SUCCESS,6
TX000683,9/16/2026,1:46:00,Khanh Hoa,Electronics,mobile,1,7877060,7877060,SUCCESS,4
TX000684,9/19/2026,4:46:00,Ho Chi Minh,Sport,web,1,802390,802390,SUCCESS,2
TX000685,9/16/2026,13:42:00,Ho Chi Minh,Grocery,web,1,281759,281759,SUCCESS,2
TX000686,9/13/2026,19:04:00,Binh Duong,Home,web,1,4413882,4413882,FAILED,3
TX000687,9/6/2026,11:34:00,Ha Noi,Electronics,partner,1,7648403,7648403,SUCCESS,3
TX000688,9/29/2026,19:44:00,Bac Ninh,Fashion,partner,1,1124945,1124945,SUCCESS,5
TX000689,9/20/2026,0:38:00,Ha Noi,Sport,mobile,1,1039098,1039098,FAILED,1
TX000690,9/9/2026,9:53:00,Ho Chi Minh,Grocery,partner,2,88473,176946,SUCCESS,3
TX000691,9/27/2026,19:14:00,Ho Chi Minh,Fashion,web,2,560471,1120942,SUCCESS,2
TX000692,9/21/2026,6:53:00,Khanh Hoa,Electronics,partner,1,12705746,12705746,SUCCESS,5
TX000693,9/16/2026,19:23:00,Khanh Hoa,Grocery,mobile,1,65498,65498,SUCCESS,4
TX000694,9/3/2026,1:38:00,Lam Dong,Electronics,mobile,1,7581748,7581748,SUCCESS,7
TX000695,9/19/2026,5:50:00,Da Nang,Electronics,mobile,1,1320814,1320814,SUCCESS,4
TX000696,9/11/2026,0:39:00,Ho Chi Minh,Fashion,mobile,1,478841,478841,RETURNED,5
TX000697,9/3/2026,8:16:00,Can Tho,Fashion,partner,2,363657,727314,FAILED,5
TX000698,9/7/2026,1:56:00,Ho Chi Minh,Book,partner,1,55456,55456,SUCCESS,1
TX000699,9/18/2026,9:13:00,Lam Dong,Fashion,mobile,2,1047328,2094656,SUCCESS,4
TX000700,9/11/2026,13:06:00,Hai Phong,Grocery,partner,2,79121,158242,SUCCESS,5
TX000701,9/9/2026,5:03:00,Can Tho,Electronics,web,1,6666642,6666642,SUCCESS,6
TX000702,9/24/2026,23:22:00,Ha Noi,Beauty,web,2,123444,246888,RETURNED,4
TX000703,9/13/2026,4:21:00,Ha Noi,Book,web,1,105752,105752,SUCCESS,4
TX000704,9/14/2026,23:44:00,Ho Chi Minh,Electronics,web,1,3074870,3074870,SUCCESS,4
TX000705,9/1/2026,1:19:00,Khanh Hoa,Electronics,mobile,1,15532286,15532286,SUCCESS,3
TX000706,9/8/2026,17:12:00,Bac Ninh,Fashion,web,1,869328,869328,SUCCESS,4
TX000707,9/20/2026,12:10:00,Da Nang,Grocery,mobile,1,498250,498250,FAILED,4
TX000708,9/4/2026,11:24:00,Binh Duong,Home,web,1,3947152,3947152,SUCCESS,4
TX000709,9/5/2026,2:47:00,Ho Chi Minh,Electronics,mobile,2,14119040,28238080,SUCCESS,2
TX000710,9/20/2026,1:17:00,Da Nang,Grocery,partner,2,231655,463310,SUCCESS,3
TX000711,9/4/2026,23:18:00,Ha Noi,Electronics,mobile,1,1775614,1775614,FAILED,2
TX000712,9/21/2026,22:52:00,Ha Noi,Home,partner,1,1355961,1355961,SUCCESS,1
TX000713,9/20/2026,7:53:00,Ho Chi Minh,Beauty,partner,1,411713,411713,SUCCESS,1
TX000714,9/19/2026,22:55:00,Ha Noi,Electronics,partner,1,5901391,5901391,SUCCESS,1
TX000715,9/2/2026,11:04:00,Da Nang,Electronics,mobile,1,6580412,6580412,SUCCESS,3
TX000716,9/8/2026,3:16:00,Ho Chi Minh,Electronics,partner,1,13868820,13868820,SUCCESS,1
TX000717,9/22/2026,7:39:00,Ho Chi Minh,Book,web,1,78663,78663,SUCCESS,3
TX000718,9/11/2026,21:37:00,Ho Chi Minh,Grocery,web,1,343058,343058,SUCCESS,3
TX000719,9/26/2026,22:43:00,Da Nang,Grocery,mobile,2,55191,110382,RETURNED,6
TX000720,9/17/2026,4:40:00,Bac Ninh,Beauty,mobile,2,1136080,2272160,SUCCESS,6
TX000721,9/27/2026,16:27:00,Dong Nai,Electronics,partner,1,6609746,6609746,SUCCESS,3
TX000722,9/8/2026,7:54:00,Bac Ninh,Grocery,web,2,441750,883500,SUCCESS,6
TX000723,9/10/2026,12:05:00,Bac Ninh,Book,mobile,3,57833,173499,SUCCESS,3
TX000724,9/5/2026,6:47:00,Ho Chi Minh,Electronics,mobile,1,11118964,11118964,SUCCESS,4
TX000725,9/22/2026,12:55:00,Bac Ninh,Beauty,partner,1,1103953,1103953,SUCCESS,7
TX000726,9/6/2026,20:53:00,Ho Chi Minh,Grocery,partner,2,73773,147546,RETURNED,2
TX000727,9/12/2026,3:24:00,Hai Phong,Grocery,partner,1,182389,182389,SUCCESS,5
TX000728,9/5/2026,6:07:00,Ho Chi Minh,Grocery,partner,1,74995,74995,SUCCESS,3
TX000729,9/23/2026,3:09:00,Ha Noi,Beauty,partner,1,1223118,1223118,SUCCESS,1
TX000730,9/18/2026,7:22:00,Ha Noi,Home,web,1,392457,392457,SUCCESS,2
TX000731,9/13/2026,11:10:00,Ho Chi Minh,Fashion,mobile,1,1000220,1000220,FAILED,4
TX000732,9/14/2026,12:17:00,Ha Noi,Fashion,partner,1,1130041,1130041,SUCCESS,1
TX000733,9/28/2026,4:13:00,Ha Noi,Beauty,web,1,743780,743780,SUCCESS,3
TX000734,9/19/2026,11:52:00,Ho Chi Minh,Beauty,partner,2,1419904,2839808,SUCCESS,2
TX000735,9/18/2026,4:23:00,Ha Noi,Electronics,partner,2,7614231,15228462,SUCCESS,4
TX000736,9/21/2026,18:04:00,Ho Chi Minh,Fashion,mobile,1,824279,824279,SUCCESS,4
TX000737,9/13/2026,23:19:00,Dong Nai,Beauty,web,1,288090,288090,SUCCESS,5
TX000738,9/23/2026,14:12:00,Binh Duong,Book,web,1,354733,354733,SUCCESS,5
TX000739,9/9/2026,21:36:00,Dong Nai,Toy,mobile,1,1710384,1710384,SUCCESS,4
TX000740,9/19/2026,20:58:00,Hai Phong,Electronics,partner,2,15110213,30220426,SUCCESS,3
TX000741,9/20/2026,13:41:00,Ha Noi,Toy,mobile,1,1404362,1404362,SUCCESS,4
TX000742,9/24/2026,13:00:00,Ha Noi,Fashion,web,1,1177503,1177503,SUCCESS,3
TX000743,9/5/2026,5:51:00,Ha Noi,Grocery,partner,1,354062,354062,SUCCESS,4
TX000744,9/29/2026,17:46:00,Binh Duong,Electronics,partner,1,8640870,8640870,SUCCESS,3
TX000745,9/2/2026,1:16:00,Can Tho,Grocery,mobile,1,270715,270715,SUCCESS,3
TX000746,9/17/2026,10:44:00,Khanh Hoa,Electronics,mobile,1,4577982,4577982,SUCCESS,6
TX000747,9/29/2026,20:00:00,Khanh Hoa,Home,mobile,2,4958805,9917610,SUCCESS,5
TX000748,9/23/2026,0:33:00,Bac Ninh,Grocery,web,1,303546,303546,SUCCESS,7
TX000749,9/10/2026,20:15:00,Dong Nai,Electronics,mobile,1,8479895,8479895,SUCCESS,2
TX000750,9/26/2026,2:22:00,Can Tho,Grocery,mobile,1,298779,298779,FAILED,5
TX000751,9/5/2026,16:23:00,Da Nang,Beauty,partner,1,1103057,1103057,SUCCESS,4
TX000752,9/5/2026,21:28:00,Da Nang,Grocery,mobile,1,361716,361716,SUCCESS,4
TX000753,9/2/2026,8:42:00,Ha Noi,Home,web,1,2005095,2005095,SUCCESS,1
TX000754,9/15/2026,11:59:00,Hai Phong,Beauty,web,1,567899,567899,SUCCESS,3
TX000755,9/26/2026,12:42:00,Ho Chi Minh,Book,web,1,446467,446467,SUCCESS,4
TX000756,9/13/2026,11:44:00,Ho Chi Minh,Electronics,mobile,1,6942496,6942496,FAILED,1
TX000757,9/13/2026,22:36:00,Ha Noi,Toy,mobile,2,269480,538960,SUCCESS,3
TX000758,9/15/2026,10:27:00,Binh Duong,Fashion,partner,2,1155612,2311224,RETURNED,5
TX000759,9/5/2026,16:13:00,Ha Noi,Electronics,partner,1,1548832,1548832,FAILED,3
TX000760,9/1/2026,5:23:00,Lam Dong,Home,mobile,1,829499,829499,SUCCESS,6
TX000761,9/8/2026,18:03:00,Khanh Hoa,Grocery,partner,1,197422,197422,SUCCESS,4
TX000762,9/22/2026,18:01:00,Can Tho,Toy,partner,1,810314,810314,FAILED,4
TX000763,9/4/2026,13:12:00,Ha Noi,Grocery,mobile,1,381534,381534,SUCCESS,3
TX000764,9/21/2026,15:54:00,Can Tho,Home,mobile,1,3995273,3995273,SUCCESS,3
TX000765,9/20/2026,6:07:00,Ha Noi,Fashion,partner,1,428888,428888,SUCCESS,4
TX000766,9/25/2026,3:52:00,Ho Chi Minh,Fashion,mobile,1,863286,863286,SUCCESS,3
TX000767,9/5/2026,10:50:00,Ha Noi,Fashion,web,1,526704,526704,SUCCESS,4
TX000768,9/3/2026,6:28:00,Can Tho,Toy,partner,1,208091,208091,SUCCESS,7
TX000769,9/19/2026,9:53:00,Ho Chi Minh,Electronics,web,1,10201545,10201545,SUCCESS,1
TX000770,9/9/2026,10:09:00,Ho Chi Minh,Beauty,web,1,580421,580421,SUCCESS,4
TX000771,9/1/2026,13:54:00,Can Tho,Grocery,web,3,168324,504972,SUCCESS,6
TX000772,9/22/2026,12:10:00,Ha Noi,Home,mobile,1,1429626,1429626,SUCCESS,4
TX000773,9/16/2026,23:08:00,Bac Ninh,Fashion,mobile,1,651705,651705,SUCCESS,7
TX000774,9/6/2026,3:09:00,Ho Chi Minh,Grocery,mobile,1,245125,245125,SUCCESS,4
TX000775,9/10/2026,9:20:00,Binh Duong,Electronics,mobile,1,13876134,13876134,SUCCESS,4
TX000776,9/27/2026,19:30:00,Ho Chi Minh,Toy,mobile,1,327868,327868,SUCCESS,3
TX000777,9/6/2026,0:21:00,Lam Dong,Grocery,web,1,386999,386999,SUCCESS,5
TX000778,9/14/2026,9:55:00,Ha Noi,Electronics,web,1,10696484,10696484,SUCCESS,3
TX000779,9/16/2026,22:31:00,Dong Nai,Home,mobile,2,1850269,3700538,SUCCESS,2
TX000780,9/17/2026,3:21:00,Ha Noi,Book,partner,1,101452,101452,SUCCESS,3
TX000781,9/7/2026,8:01:00,Hai Phong,Electronics,mobile,1,5753026,5753026,SUCCESS,3
TX000782,9/20/2026,21:12:00,Ha Noi,Grocery,partner,1,389222,389222,RETURNED,5
TX000783,9/2/2026,4:51:00,Lam Dong,Grocery,web,1,442421,442421,FAILED,5
TX000784,9/18/2026,20:53:00,Ha Noi,Book,mobile,4,78493,313972,SUCCESS,1
TX000785,9/26/2026,17:36:00,Ho Chi Minh,Fashion,web,1,374683,374683,SUCCESS,4
TX000786,9/11/2026,4:10:00,Khanh Hoa,Book,partner,1,212996,212996,SUCCESS,4
TX000787,9/6/2026,12:12:00,Ho Chi Minh,Fashion,web,1,1113509,1113509,SUCCESS,2
TX000788,9/25/2026,21:09:00,Ho Chi Minh,Book,partner,2,126675,253350,SUCCESS,2
TX000789,9/25/2026,21:07:00,Ha Noi,Grocery,mobile,1,338681,338681,SUCCESS,4
TX000790,9/7/2026,17:50:00,Ha Noi,Grocery,mobile,2,334369,668738,RETURNED,8
TX000791,9/1/2026,9:57:00,Bac Ninh,Fashion,mobile,1,851558,851558,SUCCESS,7
TX000792,9/21/2026,21:52:00,Hai Phong,Home,web,1,4257944,4257944,SUCCESS,4
TX000793,9/15/2026,17:58:00,Da Nang,Grocery,web,1,53555,53555,RETURNED,8
TX000794,9/11/2026,18:26:00,Ha Noi,Sport,partner,2,630137,1260274,SUCCESS,3
TX000795,9/29/2026,17:32:00,Dong Nai,Sport,mobile,1,2823431,2823431,SUCCESS,5
TX000796,9/14/2026,0:29:00,Ha Noi,Beauty,mobile,2,130841,261682,FAILED,3
TX000797,9/26/2026,20:43:00,Da Nang,Electronics,web,1,7417782,7417782,FAILED,3
TX000798,9/20/2026,23:22:00,Ho Chi Minh,Fashion,web,1,283879,283879,SUCCESS,3
TX000799,9/11/2026,4:41:00,Dong Nai,Fashion,mobile,1,938783,938783,SUCCESS,4
TX000800,9/29/2026,3:43:00,Ha Noi,Beauty,web,1,142868,142868,SUCCESS,1
TX000801,9/10/2026,7:04:00,Da Nang,Beauty,partner,2,1262492,2524984,SUCCESS,2
TX000802,9/22/2026,18:56:00,Lam Dong,Fashion,web,1,338232,338232,SUCCESS,4
TX000803,9/3/2026,12:27:00,Ha Noi,Home,mobile,1,4834672,4834672,SUCCESS,2
TX000804,9/20/2026,10:12:00,Da Nang,Electronics,mobile,1,5159173,5159173,SUCCESS,3
TX000805,9/25/2026,9:41:00,Da Nang,Toy,partner,1,989718,989718,SUCCESS,4
TX000806,9/30/2026,19:39:00,Khanh Hoa,Toy,web,2,594705,1189410,SUCCESS,5
TX000807,9/21/2026,4:27:00,Hai Phong,Sport,mobile,1,2261603,2261603,FAILED,5
TX000808,9/4/2026,13:41:00,Ha Noi,Electronics,partner,2,8935502,17871004,SUCCESS,2
TX000809,9/21/2026,0:54:00,Can Tho,Grocery,partner,1,291571,291571,RETURNED,6
TX000810,9/18/2026,11:21:00,Ho Chi Minh,Home,web,1,3382025,3382025,SUCCESS,3
TX000811,9/25/2026,15:30:00,Binh Duong,Sport,partner,1,264693,264693,SUCCESS,5
TX000812,9/3/2026,14:23:00,Binh Duong,Grocery,web,3,252211,756633,SUCCESS,3
TX000813,9/1/2026,16:35:00,Ho Chi Minh,Beauty,partner,1,700389,700389,SUCCESS,3
TX000814,9/12/2026,9:37:00,Binh Duong,Home,web,1,2892654,2892654,SUCCESS,5
TX000815,9/22/2026,5:28:00,Ha Noi,Fashion,mobile,1,976919,976919,SUCCESS,2
TX000816,9/13/2026,13:37:00,Ho Chi Minh,Grocery,partner,1,107018,107018,SUCCESS,4
TX000817,9/15/2026,10:36:00,Ha Noi,Beauty,web,1,820997,820997,SUCCESS,4
TX000818,9/24/2026,6:11:00,Ha Noi,Electronics,mobile,1,13660752,13660752,SUCCESS,3
TX000819,9/30/2026,16:08:00,Ho Chi Minh,Sport,mobile,1,779410,779410,SUCCESS,2
TX000820,9/24/2026,5:55:00,Hai Phong,Beauty,web,4,148366,593464,SUCCESS,2
TX000821,9/26/2026,17:34:00,Ho Chi Minh,Grocery,partner,1,474383,474383,SUCCESS,2
TX000822,9/14/2026,8:06:00,Khanh Hoa,Fashion,mobile,3,604212,1812636,SUCCESS,3
TX000823,9/26/2026,12:10:00,Ho Chi Minh,Sport,partner,1,675467,675467,FAILED,2
TX000824,9/12/2026,20:17:00,Binh Duong,Fashion,mobile,1,290930,290930,SUCCESS,3
TX000825,9/1/2026,16:56:00,Ha Noi,Fashion,mobile,1,331802,331802,FAILED,4
TX000826,9/17/2026,3:03:00,Ha Noi,Beauty,mobile,1,785986,785986,SUCCESS,4
TX000827,9/29/2026,17:02:00,Ho Chi Minh,Home,partner,2,4472938,8945876,SUCCESS,3
TX000828,9/30/2026,13:19:00,Ho Chi Minh,Fashion,mobile,1,1186752,1186752,SUCCESS,4
TX000829,9/15/2026,16:35:00,Ho Chi Minh,Beauty,mobile,1,521829,521829,SUCCESS,1
TX000830,9/13/2026,23:04:00,Ha Noi,Fashion,web,1,1040475,1040475,SUCCESS,3
TX000831,9/5/2026,8:49:00,Ha Noi,Home,web,1,4712365,4712365,FAILED,3
TX000832,9/13/2026,19:50:00,Lam Dong,Grocery,web,2,465703,931406,SUCCESS,3
TX000833,9/13/2026,16:08:00,Binh Duong,Electronics,partner,1,13068912,13068912,SUCCESS,2
TX000834,9/15/2026,7:51:00,Khanh Hoa,Electronics,web,1,4570166,4570166,SUCCESS,6
TX000835,9/9/2026,21:43:00,Ho Chi Minh,Electronics,web,1,7478197,7478197,SUCCESS,4
TX000836,9/23/2026,7:57:00,Da Nang,Electronics,mobile,1,7176548,7176548,SUCCESS,3
TX000837,9/11/2026,13:17:00,Dong Nai,Book,mobile,1,237237,237237,RETURNED,8
TX000838,9/15/2026,19:25:00,Ha Noi,Grocery,partner,1,197198,197198,FAILED,4
TX000839,9/19/2026,18:01:00,Hai Phong,Electronics,mobile,1,10190033,10190033,SUCCESS,5
TX000840,9/19/2026,3:27:00,Ho Chi Minh,Electronics,partner,1,17490857,17490857,FAILED,2
TX000841,9/6/2026,0:29:00,Lam Dong,Book,partner,2,332993,665986,SUCCESS,5
TX000842,9/3/2026,21:19:00,Can Tho,Grocery,web,1,112309,112309,SUCCESS,6
TX000843,9/26/2026,3:58:00,Binh Duong,Sport,web,1,1819070,1819070,SUCCESS,4
TX000844,9/11/2026,11:13:00,Can Tho,Beauty,web,2,872423,1744846,SUCCESS,3
TX000845,9/4/2026,8:42:00,Ho Chi Minh,Beauty,mobile,1,1216022,1216022,SUCCESS,3
TX000846,9/20/2026,8:22:00,Ho Chi Minh,Electronics,partner,1,10395583,10395583,SUCCESS,4
TX000847,9/13/2026,16:15:00,Ho Chi Minh,Sport,mobile,1,2442528,2442528,SUCCESS,1
TX000848,9/11/2026,13:31:00,Ho Chi Minh,Grocery,partner,1,204291,204291,FAILED,4
TX000849,9/12/2026,9:01:00,Ha Noi,Fashion,partner,1,607440,607440,SUCCESS,3
TX000850,9/26/2026,17:28:00,Da Nang,Home,partner,3,4776730,14330190,SUCCESS,5
TX000851,9/22/2026,23:33:00,Ho Chi Minh,Home,web,1,3351483,3351483,SUCCESS,1
TX000852,9/9/2026,23:34:00,Ho Chi Minh,Toy,web,2,363318,726636,SUCCESS,4
TX000853,9/14/2026,12:07:00,Ha Noi,Toy,partner,1,678586,678586,SUCCESS,3
TX000854,9/28/2026,12:17:00,Ho Chi Minh,Grocery,mobile,1,116108,116108,SUCCESS,1
TX000855,9/9/2026,12:59:00,Ha Noi,Electronics,mobile,1,16587847,16587847,SUCCESS,2
TX000856,9/29/2026,14:50:00,Ha Noi,Electronics,web,1,10735752,10735752,SUCCESS,2
TX000857,9/27/2026,23:19:00,Ha Noi,Beauty,partner,1,294585,294585,SUCCESS,3
TX000858,9/29/2026,0:42:00,Can Tho,Grocery,mobile,1,440708,440708,SUCCESS,3
TX000859,9/4/2026,12:57:00,Khanh Hoa,Electronics,mobile,1,15953515,15953515,SUCCESS,6
TX000860,9/22/2026,14:15:00,Ho Chi Minh,Home,partner,1,1593484,1593484,SUCCESS,4
TX000861,9/21/2026,2:23:00,Ho Chi Minh,Home,web,1,412194,412194,SUCCESS,4
TX000862,9/29/2026,1:54:00,Da Nang,Toy,mobile,1,827053,827053,SUCCESS,4
TX000863,9/5/2026,6:47:00,Khanh Hoa,Sport,partner,4,1820566,7282264,SUCCESS,5
TX000864,9/3/2026,14:30:00,Bac Ninh,Home,partner,1,4776718,4776718,SUCCESS,4
TX000865,9/9/2026,1:13:00,Dong Nai,Electronics,partner,2,15278519,30557038,SUCCESS,3
TX000866,9/28/2026,22:39:00,Binh Duong,Fashion,web,1,474866,474866,FAILED,2
TX000867,9/9/2026,18:44:00,Dong Nai,Grocery,mobile,1,120484,120484,SUCCESS,2
TX000868,9/13/2026,11:01:00,Da Nang,Electronics,web,1,16844830,16844830,SUCCESS,2
TX000869,9/1/2026,11:24:00,Ha Noi,Fashion,mobile,1,637434,637434,SUCCESS,2
TX000870,9/7/2026,9:22:00,Da Nang,Fashion,partner,1,692101,692101,SUCCESS,4
TX000871,9/17/2026,13:09:00,Ho Chi Minh,Book,partner,1,356825,356825,SUCCESS,3
TX000872,9/14/2026,3:19:00,Ha Noi,Beauty,mobile,1,621513,621513,SUCCESS,2
TX000873,9/7/2026,8:42:00,Ho Chi Minh,Fashion,web,1,190988,190988,SUCCESS,1
TX000874,9/17/2026,7:02:00,Ho Chi Minh,Grocery,partner,2,260166,520332,SUCCESS,3
TX000875,9/16/2026,9:03:00,Ho Chi Minh,Fashion,web,1,611369,611369,SUCCESS,1
TX000876,9/24/2026,7:27:00,Ha Noi,Fashion,mobile,2,412655,825310,SUCCESS,3
TX000877,9/19/2026,0:31:00,Ha Noi,Electronics,partner,1,6148977,6148977,SUCCESS,1
TX000878,9/12/2026,3:18:00,Ha Noi,Grocery,partner,1,280265,280265,SUCCESS,4
TX000879,9/18/2026,3:00:00,Dong Nai,Beauty,partner,1,360024,360024,SUCCESS,5
TX000880,9/18/2026,22:11:00,Da Nang,Fashion,web,1,584926,584926,FAILED,5
TX000881,9/30/2026,9:08:00,Ha Noi,Grocery,mobile,1,188302,188302,SUCCESS,3
TX000882,9/22/2026,21:00:00,Ha Noi,Toy,partner,1,1760784,1760784,SUCCESS,1
TX000883,9/19/2026,9:47:00,Binh Duong,Electronics,web,1,11904728,11904728,SUCCESS,5
TX000884,9/14/2026,18:54:00,Ho Chi Minh,Beauty,partner,1,1073100,1073100,SUCCESS,4
TX000885,9/18/2026,10:51:00,Dong Nai,Electronics,web,1,1433429,1433429,FAILED,5
TX000886,9/22/2026,3:38:00,Ho Chi Minh,Electronics,partner,1,17628968,17628968,SUCCESS,1
TX000887,9/13/2026,3:53:00,Ha Noi,Fashion,web,1,1056944,1056944,SUCCESS,4
TX000888,9/8/2026,23:24:00,Ha Noi,Electronics,web,2,6053457,12106914,FAILED,4
TX000889,9/4/2026,11:35:00,Ho Chi Minh,Electronics,partner,1,4593115,4593115,SUCCESS,2
TX000890,9/12/2026,16:33:00,Hai Phong,Beauty,partner,1,1277253,1277253,FAILED,3
TX000891,9/3/2026,5:20:00,Ho Chi Minh,Grocery,partner,1,421574,421574,SUCCESS,2
TX000892,9/13/2026,23:12:00,Ho Chi Minh,Fashion,web,2,988902,1977804,SUCCESS,1
TX000893,9/11/2026,5:34:00,Ha Noi,Fashion,mobile,1,723626,723626,SUCCESS,4
TX000894,9/26/2026,9:06:00,Ha Noi,Fashion,web,1,1051938,1051938,SUCCESS,4
TX000895,9/27/2026,0:01:00,Lam Dong,Book,web,2,442173,884346,SUCCESS,6
TX000896,9/8/2026,2:17:00,Can Tho,Electronics,partner,1,12998623,12998623,SUCCESS,6
TX000897,9/6/2026,14:53:00,Ha Noi,Electronics,mobile,2,4912219,9824438,SUCCESS,3
TX000898,9/17/2026,12:41:00,Can Tho,Book,web,2,329187,658374,SUCCESS,6
TX000899,9/9/2026,2:00:00,Ho Chi Minh,Electronics,partner,1,12409020,12409020,SUCCESS,2
TX000900,9/2/2026,7:43:00,Can Tho,Electronics,web,1,3901326,3901326,SUCCESS,5
TX000901,9/28/2026,8:49:00,Khanh Hoa,Book,web,2,243495,486990,SUCCESS,5
TX000902,9/2/2026,9:44:00,Ha Noi,Grocery,web,2,156816,313632,FAILED,2
TX000903,9/22/2026,0:51:00,Hai Phong,Electronics,partner,1,2284565,2284565,SUCCESS,2
TX000904,9/28/2026,14:58:00,Can Tho,Grocery,mobile,2,282081,564162,SUCCESS,5
TX000905,9/24/2026,6:45:00,Can Tho,Grocery,mobile,1,106537,106537,SUCCESS,4
TX000906,9/10/2026,13:28:00,Ho Chi Minh,Fashion,partner,1,1081003,1081003,SUCCESS,4
TX000907,9/12/2026,17:43:00,Da Nang,Grocery,partner,1,303562,303562,SUCCESS,3
TX000908,9/29/2026,20:22:00,Ho Chi Minh,Beauty,web,2,349595,699190,SUCCESS,2
TX000909,9/10/2026,15:11:00,Da Nang,Electronics,partner,1,1604891,1604891,SUCCESS,4
TX000910,9/8/2026,2:15:00,Da Nang,Grocery,partner,1,483723,483723,FAILED,2
TX000911,9/3/2026,22:43:00,Ho Chi Minh,Fashion,partner,1,434758,434758,FAILED,1
TX000912,9/24/2026,20:28:00,Khanh Hoa,Beauty,web,1,287282,287282,RETURNED,8
TX000913,9/21/2026,7:50:00,Da Nang,Fashion,web,1,503117,503117,SUCCESS,4
TX000914,9/9/2026,15:32:00,Binh Duong,Sport,mobile,1,2606509,2606509,SUCCESS,2
TX000915,9/29/2026,20:23:00,Ha Noi,Grocery,partner,1,279579,279579,SUCCESS,1
TX000916,9/20/2026,13:24:00,Dong Nai,Electronics,partner,2,16052594,32105188,SUCCESS,5
TX000917,9/9/2026,0:49:00,Ho Chi Minh,Grocery,web,1,168516,168516,SUCCESS,4
TX000918,9/9/2026,6:59:00,Ho Chi Minh,Fashion,partner,1,1159742,1159742,FAILED,3
TX000919,9/25/2026,12:17:00,Dong Nai,Electronics,partner,1,4847759,4847759,SUCCESS,4
TX000920,9/10/2026,13:41:00,Da Nang,Electronics,partner,1,6447501,6447501,RETURNED,9
TX000921,9/13/2026,6:14:00,Ha Noi,Fashion,web,1,897605,897605,SUCCESS,4
TX000922,9/19/2026,9:21:00,Ha Noi,Fashion,web,1,1078167,1078167,SUCCESS,3
TX000923,9/15/2026,15:32:00,Ho Chi Minh,Fashion,partner,1,570845,570845,SUCCESS,4
TX000924,9/27/2026,23:38:00,Ho Chi Minh,Toy,partner,1,1342352,1342352,SUCCESS,1
TX000925,9/16/2026,14:18:00,Ho Chi Minh,Fashion,partner,1,352848,352848,SUCCESS,3
TX000926,9/10/2026,2:26:00,Da Nang,Grocery,mobile,2,321857,643714,FAILED,4
TX000927,9/21/2026,6:58:00,Binh Duong,Electronics,web,3,11979936,35939808,SUCCESS,2
TX000928,9/6/2026,10:11:00,Can Tho,Grocery,partner,1,466036,466036,RETURNED,10
TX000929,9/23/2026,9:24:00,Ho Chi Minh,Fashion,partner,2,278445,556890,FAILED,1
TX000930,9/22/2026,7:40:00,Can Tho,Toy,mobile,1,1434079,1434079,SUCCESS,7
TX000931,9/21/2026,15:56:00,Ho Chi Minh,Beauty,mobile,1,696172,696172,SUCCESS,3
TX000932,9/7/2026,20:22:00,Ho Chi Minh,Fashion,web,1,1079978,1079978,SUCCESS,3
TX000933,9/5/2026,14:12:00,Ha Noi,Book,mobile,1,232724,232724,SUCCESS,2
TX000934,9/13/2026,8:05:00,Ha Noi,Sport,mobile,2,256635,513270,FAILED,2
TX000935,9/3/2026,5:45:00,Ho Chi Minh,Fashion,web,1,917976,917976,SUCCESS,2
TX000936,9/6/2026,11:27:00,Lam Dong,Beauty,web,1,521088,521088,SUCCESS,6
TX000937,9/1/2026,7:55:00,Ho Chi Minh,Grocery,mobile,1,218949,218949,SUCCESS,4
TX000938,9/1/2026,17:18:00,Lam Dong,Fashion,web,1,215146,215146,SUCCESS,6
TX000939,9/3/2026,18:49:00,Da Nang,Electronics,web,2,11034286,22068572,RETURNED,6
TX000940,9/8/2026,9:21:00,Ha Noi,Electronics,web,1,14744390,14744390,SUCCESS,4
TX000941,9/7/2026,13:39:00,Khanh Hoa,Electronics,mobile,1,13851254,13851254,SUCCESS,6
TX000942,9/19/2026,21:22:00,Dong Nai,Grocery,mobile,1,193279,193279,SUCCESS,2
TX000943,9/23/2026,10:16:00,Binh Duong,Home,mobile,1,1396178,1396178,SUCCESS,5
TX000944,9/28/2026,23:45:00,Ha Noi,Fashion,mobile,4,751469,3005876,SUCCESS,2
TX000945,9/20/2026,4:57:00,Ho Chi Minh,Electronics,web,1,2348410,2348410,FAILED,2
TX000946,9/19/2026,1:22:00,Ho Chi Minh,Grocery,web,1,128434,128434,SUCCESS,4
TX000947,9/13/2026,17:04:00,Can Tho,Grocery,partner,1,497941,497941,SUCCESS,5
TX000948,9/12/2026,23:07:00,Ha Noi,Fashion,mobile,1,384719,384719,SUCCESS,3
TX000949,9/21/2026,14:19:00,Ho Chi Minh,Toy,partner,1,1831634,1831634,SUCCESS,2
TX000950,9/17/2026,2:35:00,Ho Chi Minh,Beauty,partner,1,1193315,1193315,SUCCESS,2
TX000951,9/7/2026,22:04:00,Da Nang,Toy,mobile,1,1959442,1959442,SUCCESS,5
TX000952,9/15/2026,15:37:00,Ha Noi,Sport,web,1,1025581,1025581,RETURNED,5
TX000953,9/7/2026,13:03:00,Ho Chi Minh,Electronics,web,1,9335710,9335710,FAILED,1
TX000954,9/13/2026,13:42:00,Ha Noi,Fashion,partner,1,551659,551659,SUCCESS,1
TX000955,9/28/2026,5:39:00,Ho Chi Minh,Book,mobile,2,439499,878998,SUCCESS,3
TX000956,9/2/2026,20:45:00,Ho Chi Minh,Sport,web,1,1370990,1370990,SUCCESS,3
TX000957,9/23/2026,12:09:00,Dong Nai,Toy,mobile,1,1412733,1412733,SUCCESS,4
TX000958,9/4/2026,18:45:00,Ha Noi,Beauty,partner,1,544284,544284,SUCCESS,4
TX000959,9/28/2026,14:36:00,Dong Nai,Fashion,partner,1,208292,208292,SUCCESS,4
TX000960,9/28/2026,11:31:00,Ho Chi Minh,Fashion,partner,2,848350,1696700,SUCCESS,4
TX000961,9/2/2026,4:00:00,Ha Noi,Electronics,mobile,2,12238141,24476282,SUCCESS,2
TX000962,9/21/2026,7:09:00,Binh Duong,Fashion,web,1,456786,456786,SUCCESS,5
TX000963,9/16/2026,4:33:00,Ho Chi Minh,Grocery,mobile,1,464468,464468,SUCCESS,2
TX000964,9/10/2026,4:48:00,Ho Chi Minh,Beauty,partner,1,838043,838043,SUCCESS,3
TX000965,9/30/2026,5:34:00,Da Nang,Beauty,mobile,1,239247,239247,FAILED,5
TX000966,9/7/2026,15:12:00,Hai Phong,Grocery,web,4,231976,927904,SUCCESS,2
TX000967,9/25/2026,22:32:00,Ha Noi,Toy,mobile,1,993493,993493,SUCCESS,1
TX000968,9/12/2026,2:09:00,Lam Dong,Home,partner,1,4965448,4965448,SUCCESS,6
TX000969,9/27/2026,4:33:00,Khanh Hoa,Toy,mobile,2,1957547,3915094,SUCCESS,7
TX000970,9/4/2026,12:08:00,Lam Dong,Electronics,partner,2,9484433,18968866,SUCCESS,5
TX000971,9/30/2026,8:28:00,Bac Ninh,Home,web,1,4060763,4060763,SUCCESS,4
TX000972,9/26/2026,11:37:00,Ho Chi Minh,Book,partner,3,420309,1260927,SUCCESS,3
TX000973,9/2/2026,6:07:00,Hai Phong,Grocery,web,1,142828,142828,SUCCESS,5
TX000974,9/25/2026,13:24:00,Bac Ninh,Grocery,partner,1,403352,403352,SUCCESS,4
TX000975,9/9/2026,20:34:00,Ha Noi,Book,mobile,1,390476,390476,SUCCESS,4
TX000976,9/18/2026,8:28:00,Hai Phong,Electronics,mobile,1,12719080,12719080,SUCCESS,4
TX000977,9/10/2026,3:06:00,Ha Noi,Toy,partner,2,112783,225566,SUCCESS,1
TX000978,9/17/2026,23:34:00,Ha Noi,Electronics,web,1,1622063,1622063,SUCCESS,2
TX000979,9/29/2026,23:12:00,Can Tho,Electronics,partner,2,8527410,17054820,SUCCESS,4
TX000980,9/7/2026,18:35:00,Dong Nai,Grocery,mobile,1,453207,453207,SUCCESS,2
TX000981,9/9/2026,18:58:00,Da Nang,Toy,web,1,1472376,1472376,SUCCESS,4
TX000982,9/11/2026,21:32:00,Lam Dong,Grocery,partner,1,217863,217863,SUCCESS,7
TX000983,9/27/2026,4:08:00,Hai Phong,Grocery,mobile,1,197938,197938,SUCCESS,2
TX000984,9/2/2026,2:01:00,Ho Chi Minh,Fashion,partner,1,935390,935390,RETURNED,5
TX000985,9/15/2026,6:35:00,Binh Duong,Grocery,partner,2,231799,463598,FAILED,3
TX000986,9/17/2026,21:02:00,Hai Phong,Electronics,web,1,8397196,8397196,SUCCESS,2
TX000987,9/18/2026,8:41:00,Ha Noi,Beauty,web,1,773634,773634,FAILED,4
TX000988,9/8/2026,2:18:00,Ha Noi,Fashion,partner,1,1006761,1006761,FAILED,4
TX000989,9/1/2026,11:10:00,Ho Chi Minh,Fashion,web,1,517402,517402,SUCCESS,4
TX000990,9/11/2026,3:32:00,Ha Noi,Electronics,mobile,1,6532598,6532598,SUCCESS,4
TX000991,9/25/2026,9:44:00,Ho Chi Minh,Home,mobile,2,1895556,3791112,SUCCESS,1
TX000992,9/22/2026,18:59:00,Ha Noi,Fashion,partner,1,506879,506879,SUCCESS,4
TX000993,9/2/2026,20:50:00,Can Tho,Grocery,mobile,1,410061,410061,RETURNED,7
TX000994,9/10/2026,3:09:00,Khanh Hoa,Electronics,web,1,13951836,13951836,SUCCESS,6
TX000995,9/21/2026,1:10:00,Ha Noi,Fashion,partner,1,457846,457846,SUCCESS,1
TX000996,9/8/2026,17:35:00,Hai Phong,Fashion,web,1,420912,420912,SUCCESS,2
TX000997,9/29/2026,14:15:00,Ha Noi,Grocery,partner,1,329626,329626,SUCCESS,4
TX000998,9/12/2026,9:06:00,Ho Chi Minh,Toy,mobile,1,372844,372844,SUCCESS,4
TX000999,9/8/2026,7:06:00,Ho Chi Minh,Electronics,mobile,1,11261553,11261553,SUCCESS,2
TX001000,9/20/2026,3:59:00,Khanh Hoa,Grocery,web,1,233655,233655,SUCCESS,4
TX001001,9/10/2026,20:58:00,Hai Phong,Grocery,mobile,1,317417,317417,SUCCESS,5
TX001002,9/29/2026,9:07:00,Ho Chi Minh,Electronics,mobile,1,12530766,12530766,SUCCESS,2
TX001003,9/26/2026,15:20:00,Binh Duong,Book,partner,2,215932,431864,SUCCESS,2
TX001004,9/5/2026,10:01:00,Binh Duong,Electronics,mobile,1,1490872,1490872,SUCCESS,2
TX001005,9/29/2026,8:44:00,Khanh Hoa,Grocery,web,2,207534,415068,SUCCESS,4
TX001006,9/19/2026,21:29:00,Ha Noi,Sport,partner,2,1329583,2659166,SUCCESS,1
TX001007,9/7/2026,16:10:00,Khanh Hoa,Electronics,mobile,2,2521318,5042636,SUCCESS,5
TX001008,9/27/2026,14:51:00,Da Nang,Grocery,partner,1,382196,382196,SUCCESS,4
TX001009,9/18/2026,21:56:00,Khanh Hoa,Electronics,mobile,1,7814646,7814646,SUCCESS,7
TX001010,9/8/2026,16:39:00,Ho Chi Minh,Fashion,mobile,1,169166,169166,SUCCESS,4
TX001011,9/2/2026,20:11:00,Ho Chi Minh,Toy,web,1,92393,92393,SUCCESS,4
TX001012,9/22/2026,9:29:00,Ho Chi Minh,Electronics,mobile,1,10269215,10269215,RETURNED,5
TX001013,9/13/2026,19:37:00,Ho Chi Minh,Sport,mobile,2,689076,1378152,SUCCESS,2
TX001014,9/3/2026,22:57:00,Ha Noi,Home,partner,1,3061646,3061646,SUCCESS,4
TX001015,9/16/2026,1:25:00,Binh Duong,Electronics,partner,1,5292915,5292915,SUCCESS,5
TX001016,9/11/2026,14:34:00,Ha Noi,Beauty,mobile,4,483992,1935968,SUCCESS,2
TX001017,9/14/2026,2:38:00,Binh Duong,Grocery,partner,1,126955,126955,FAILED,3
TX001018,9/6/2026,15:27:00,Hai Phong,Electronics,web,1,7476291,7476291,SUCCESS,4
TX001019,9/20/2026,9:52:00,Ho Chi Minh,Fashion,partner,1,134644,134644,SUCCESS,1
TX001020,9/20/2026,13:46:00,Ha Noi,Beauty,partner,2,265035,530070,SUCCESS,1
TX001021,9/12/2026,22:39:00,Hai Phong,Fashion,web,4,1127574,4510296,SUCCESS,3
TX001022,9/17/2026,1:27:00,Ho Chi Minh,Home,web,2,1480813,2961626,SUCCESS,1
TX001023,9/15/2026,9:56:00,Ho Chi Minh,Home,mobile,2,1649383,3298766,SUCCESS,1
TX001024,9/22/2026,11:51:00,Ha Noi,Fashion,mobile,1,1162960,1162960,SUCCESS,4
TX001025,9/20/2026,19:15:00,Lam Dong,Electronics,web,1,3205226,3205226,SUCCESS,6
TX001026,9/19/2026,22:45:00,Ho Chi Minh,Toy,partner,1,325532,325532,SUCCESS,3
TX001027,9/17/2026,23:48:00,Binh Duong,Home,mobile,1,3303856,3303856,SUCCESS,3
TX001028,9/29/2026,20:21:00,Khanh Hoa,Toy,web,1,1709123,1709123,RETURNED,6
TX001029,9/23/2026,5:40:00,Da Nang,Sport,web,1,2765597,2765597,SUCCESS,4
TX001030,9/21/2026,10:57:00,Ho Chi Minh,Electronics,partner,1,10468081,10468081,SUCCESS,4
TX001031,9/7/2026,15:36:00,Binh Duong,Toy,partner,1,1338947,1338947,SUCCESS,3
TX001032,9/23/2026,22:38:00,Ho Chi Minh,Home,web,1,1408459,1408459,SUCCESS,4
TX001033,9/17/2026,18:38:00,Ho Chi Minh,Sport,mobile,2,2640766,5281532,SUCCESS,3
TX001034,9/13/2026,13:24:00,Ha Noi,Book,web,2,117389,234778,SUCCESS,3
TX001035,9/15/2026,8:21:00,Dong Nai,Fashion,mobile,2,1030708,2061416,SUCCESS,4
TX001036,9/26/2026,17:48:00,Binh Duong,Electronics,mobile,1,3074323,3074323,RETURNED,4
TX001037,9/17/2026,6:01:00,Ho Chi Minh,Fashion,web,2,1152754,2305508,SUCCESS,1
TX001038,9/21/2026,9:52:00,Ha Noi,Beauty,web,1,1432156,1432156,SUCCESS,4
TX001039,9/2/2026,22:04:00,Ha Noi,Fashion,mobile,1,408721,408721,SUCCESS,3
TX001040,9/2/2026,1:40:00,Can Tho,Beauty,partner,1,155509,155509,SUCCESS,3
TX001041,9/17/2026,18:04:00,Ho Chi Minh,Home,partner,1,2560698,2560698,SUCCESS,2
TX001042,9/12/2026,15:55:00,Ho Chi Minh,Fashion,web,1,943409,943409,SUCCESS,4
TX001043,9/9/2026,9:53:00,Ha Noi,Fashion,mobile,2,551139,1102278,SUCCESS,3
TX001044,9/3/2026,11:23:00,Can Tho,Fashion,partner,1,574675,574675,SUCCESS,6
TX001045,9/18/2026,16:25:00,Hai Phong,Grocery,web,2,287783,575566,SUCCESS,2
TX001046,9/2/2026,10:04:00,Can Tho,Home,mobile,1,4965659,4965659,SUCCESS,4
TX001047,9/17/2026,23:13:00,Ha Noi,Fashion,partner,1,743839,743839,RETURNED,3
TX001048,9/2/2026,9:10:00,Khanh Hoa,Sport,mobile,1,2581761,2581761,SUCCESS,7
TX001049,9/3/2026,21:07:00,Binh Duong,Electronics,partner,2,3386331,6772662,SUCCESS,2
TX001050,9/3/2026,0:05:00,Can Tho,Toy,partner,1,1477697,1477697,FAILED,4
TX001051,9/21/2026,9:19:00,Dong Nai,Toy,mobile,1,670869,670869,SUCCESS,5
TX001052,9/25/2026,18:50:00,Ha Noi,Book,mobile,1,435453,435453,SUCCESS,3
TX001053,9/7/2026,17:15:00,Dong Nai,Beauty,partner,2,261289,522578,SUCCESS,5
TX001054,9/8/2026,11:26:00,Khanh Hoa,Fashion,web,1,836491,836491,SUCCESS,6
TX001055,9/23/2026,19:38:00,Da Nang,Grocery,partner,1,318593,318593,SUCCESS,4
TX001056,9/18/2026,23:24:00,Ho Chi Minh,Home,partner,1,2094271,2094271,FAILED,2
TX001057,9/1/2026,0:39:00,Khanh Hoa,Toy,web,2,705138,1410276,SUCCESS,3
TX001058,9/2/2026,1:40:00,Ha Noi,Fashion,partner,3,509470,1528410,SUCCESS,3
TX001059,9/19/2026,8:11:00,Ha Noi,Grocery,partner,2,226563,453126,SUCCESS,1
TX001060,9/23/2026,8:40:00,Bac Ninh,Grocery,mobile,1,164103,164103,SUCCESS,7
TX001061,9/23/2026,7:32:00,Bac Ninh,Fashion,mobile,1,302092,302092,SUCCESS,3
TX001062,9/18/2026,6:53:00,Binh Duong,Fashion,partner,1,192020,192020,SUCCESS,3
TX001063,9/2/2026,6:50:00,Lam Dong,Grocery,partner,1,174043,174043,SUCCESS,3
TX001064,9/24/2026,12:24:00,Ho Chi Minh,Sport,mobile,1,1939842,1939842,RETURNED,3
TX001065,9/23/2026,3:06:00,Ha Noi,Fashion,partner,1,910038,910038,FAILED,2
TX001066,9/21/2026,5:41:00,Binh Duong,Sport,web,1,249313,249313,SUCCESS,5
TX001067,9/24/2026,21:37:00,Khanh Hoa,Fashion,partner,1,997919,997919,SUCCESS,5
TX001068,9/17/2026,6:38:00,Ho Chi Minh,Grocery,partner,1,93444,93444,SUCCESS,3
TX001069,9/12/2026,23:16:00,Ho Chi Minh,Toy,web,1,379093,379093,SUCCESS,4
TX001070,9/17/2026,22:10:00,Ha Noi,Home,web,2,2744635,5489270,FAILED,2
TX001071,9/22/2026,14:33:00,Ho Chi Minh,Electronics,web,1,6985387,6985387,FAILED,2
TX001072,9/22/2026,17:45:00,Ho Chi Minh,Toy,web,1,1806390,1806390,SUCCESS,4
TX001073,9/15/2026,14:03:00,Binh Duong,Electronics,partner,2,13738695,27477390,SUCCESS,5
TX001074,9/29/2026,21:57:00,Ha Noi,Grocery,partner,1,435326,435326,SUCCESS,2
TX001075,9/2/2026,19:38:00,Ho Chi Minh,Fashion,partner,2,836140,1672280,SUCCESS,4
TX001076,9/27/2026,19:57:00,Hai Phong,Sport,mobile,1,2384469,2384469,SUCCESS,4
TX001077,9/14/2026,3:36:00,Da Nang,Fashion,mobile,1,622089,622089,SUCCESS,4
TX001078,9/28/2026,4:54:00,Ho Chi Minh,Book,web,1,410240,410240,SUCCESS,2
TX001079,9/14/2026,6:21:00,Can Tho,Electronics,mobile,1,12520328,12520328,SUCCESS,7
TX001080,9/25/2026,10:59:00,Ho Chi Minh,Fashion,partner,1,649605,649605,RETURNED,8
TX001081,9/27/2026,13:25:00,Dong Nai,Grocery,web,1,169303,169303,SUCCESS,2
TX001082,9/9/2026,5:48:00,Ha Noi,Beauty,web,1,661657,661657,SUCCESS,4
TX001083,9/2/2026,19:37:00,Khanh Hoa,Grocery,mobile,1,207002,207002,SUCCESS,7
TX001084,9/26/2026,3:36:00,Ho Chi Minh,Fashion,mobile,1,784205,784205,RETURNED,4
TX001085,9/6/2026,16:03:00,Ha Noi,Home,mobile,1,1655785,1655785,SUCCESS,3
TX001086,9/27/2026,9:07:00,Dong Nai,Home,web,1,3627036,3627036,FAILED,5
TX001087,9/25/2026,15:12:00,Binh Duong,Electronics,partner,1,17692668,17692668,SUCCESS,5
TX001088,9/10/2026,8:25:00,Ho Chi Minh,Beauty,web,1,514385,514385,SUCCESS,3
TX001089,9/18/2026,6:27:00,Da Nang,Grocery,mobile,1,368415,368415,SUCCESS,2
TX001090,9/20/2026,20:32:00,Hai Phong,Sport,web,4,1687609,6750436,SUCCESS,3
TX001091,9/27/2026,15:30:00,Can Tho,Grocery,web,2,229986,459972,SUCCESS,7
TX001092,9/12/2026,9:29:00,Ha Noi,Sport,web,1,930224,930224,SUCCESS,1
TX001093,9/5/2026,4:47:00,Can Tho,Grocery,web,2,317277,634554,SUCCESS,3
TX001094,9/5/2026,14:52:00,Ho Chi Minh,Home,mobile,2,1700923,3401846,SUCCESS,1
TX001095,9/8/2026,19:38:00,Binh Duong,Grocery,partner,1,294508,294508,FAILED,3
TX001096,9/17/2026,17:04:00,Da Nang,Fashion,web,1,1074087,1074087,SUCCESS,5
TX001097,9/1/2026,0:37:00,Ho Chi Minh,Grocery,mobile,2,318523,637046,SUCCESS,4
TX001098,9/24/2026,19:46:00,Lam Dong,Electronics,mobile,2,17968045,35936090,SUCCESS,6
TX001099,9/18/2026,2:37:00,Ho Chi Minh,Electronics,partner,1,17548443,17548443,FAILED,2
TX001100,9/14/2026,17:50:00,Ho Chi Minh,Electronics,web,2,8819254,17638508,SUCCESS,4
TX001101,9/12/2026,4:00:00,Lam Dong,Sport,mobile,1,1771336,1771336,SUCCESS,7
TX001102,9/17/2026,3:30:00,Dong Nai,Grocery,web,1,65523,65523,RETURNED,6
TX001103,9/2/2026,2:57:00,Ho Chi Minh,Book,mobile,1,261504,261504,SUCCESS,1
TX001104,9/23/2026,4:29:00,Ho Chi Minh,Grocery,web,1,462387,462387,SUCCESS,2
TX001105,9/29/2026,1:47:00,Ho Chi Minh,Fashion,mobile,1,212302,212302,SUCCESS,2
TX001106,9/25/2026,21:31:00,Da Nang,Toy,partner,1,1720484,1720484,SUCCESS,3
TX001107,9/23/2026,11:00:00,Ha Noi,Book,partner,2,295852,591704,SUCCESS,3
TX001108,9/8/2026,1:57:00,Can Tho,Home,web,2,4255019,8510038,SUCCESS,6
TX001109,9/27/2026,22:17:00,Ho Chi Minh,Home,mobile,1,2286565,2286565,SUCCESS,3
TX001110,9/19/2026,4:44:00,Ho Chi Minh,Fashion,web,1,628547,628547,SUCCESS,4
TX001111,9/19/2026,20:26:00,Ho Chi Minh,Electronics,mobile,1,13627893,13627893,SUCCESS,2
TX001112,9/12/2026,1:40:00,Can Tho,Electronics,mobile,2,6541597,13083194,SUCCESS,7
TX001113,9/23/2026,10:06:00,Khanh Hoa,Sport,partner,4,709869,2839476,SUCCESS,5
TX001114,9/27/2026,0:46:00,Ha Noi,Electronics,mobile,1,11594068,11594068,RETURNED,6
TX001115,9/5/2026,21:27:00,Ho Chi Minh,Fashion,partner,2,716524,1433048,SUCCESS,4
TX001116,9/11/2026,4:26:00,Hai Phong,Electronics,mobile,1,12563463,12563463,SUCCESS,5
TX001117,9/11/2026,16:49:00,Binh Duong,Home,web,1,1502072,1502072,FAILED,3
TX001118,9/21/2026,10:20:00,Ha Noi,Beauty,mobile,1,1294817,1294817,RETURNED,5
TX001119,9/30/2026,20:43:00,Ha Noi,Electronics,partner,2,7625291,15250582,SUCCESS,4
TX001120,9/15/2026,17:26:00,Ho Chi Minh,Home,web,1,262400,262400,SUCCESS,3
TX001121,9/2/2026,21:54:00,Khanh Hoa,Fashion,partner,1,702719,702719,SUCCESS,5
TX001122,9/17/2026,23:26:00,Ho Chi Minh,Electronics,mobile,1,7968372,7968372,SUCCESS,2
TX001123,9/2/2026,19:03:00,Ho Chi Minh,Beauty,mobile,1,777524,777524,SUCCESS,4
TX001124,9/22/2026,2:18:00,Khanh Hoa,Book,partner,2,359798,719596,FAILED,4
TX001125,9/27/2026,9:02:00,Ho Chi Minh,Fashion,partner,1,205027,205027,SUCCESS,3
TX001126,9/25/2026,20:58:00,Lam Dong,Electronics,mobile,1,11474505,11474505,SUCCESS,4
TX001127,9/26/2026,12:29:00,Hai Phong,Electronics,partner,2,7919512,15839024,SUCCESS,3
TX001128,9/12/2026,18:00:00,Ha Noi,Fashion,web,2,991525,1983050,SUCCESS,1
TX001129,9/8/2026,1:55:00,Dong Nai,Home,partner,1,1701313,1701313,SUCCESS,5
TX001130,9/6/2026,13:21:00,Ho Chi Minh,Book,web,1,98250,98250,RETURNED,2
TX001131,9/8/2026,9:15:00,Ha Noi,Electronics,partner,1,7715278,7715278,SUCCESS,1
TX001132,9/19/2026,7:35:00,Ha Noi,Electronics,web,1,17420988,17420988,SUCCESS,3
TX001133,9/2/2026,21:50:00,Ha Noi,Electronics,web,2,13125965,26251930,RETURNED,5
TX001134,9/5/2026,8:49:00,Da Nang,Grocery,web,1,278213,278213,SUCCESS,4
TX001135,9/15/2026,4:51:00,Da Nang,Grocery,mobile,1,58790,58790,SUCCESS,4
TX001136,9/4/2026,9:15:00,Bac Ninh,Fashion,partner,1,766730,766730,SUCCESS,4
TX001137,9/28/2026,10:32:00,Da Nang,Electronics,web,1,5004206,5004206,SUCCESS,3
TX001138,9/13/2026,14:01:00,Ho Chi Minh,Beauty,web,2,703999,1407998,SUCCESS,4
TX001139,9/30/2026,22:35:00,Ho Chi Minh,Beauty,mobile,1,88408,88408,SUCCESS,1
TX001140,9/8/2026,5:27:00,Da Nang,Grocery,web,2,205145,410290,SUCCESS,3
TX001141,9/24/2026,4:42:00,Ha Noi,Fashion,mobile,1,513320,513320,SUCCESS,3
TX001142,9/7/2026,4:46:00,Ho Chi Minh,Grocery,mobile,1,160563,160563,SUCCESS,1
TX001143,9/27/2026,21:14:00,Ha Noi,Fashion,partner,1,506626,506626,SUCCESS,2
TX001144,9/3/2026,2:51:00,Binh Duong,Beauty,mobile,1,1284970,1284970,FAILED,2
TX001145,9/5/2026,20:49:00,Ho Chi Minh,Grocery,partner,1,485502,485502,SUCCESS,2
TX001146,9/7/2026,15:22:00,Ha Noi,Fashion,partner,1,1147422,1147422,SUCCESS,1
TX001147,9/21/2026,21:04:00,Ho Chi Minh,Electronics,partner,1,4904962,4904962,SUCCESS,1
TX001148,9/21/2026,16:21:00,Ho Chi Minh,Book,web,1,194501,194501,SUCCESS,2
TX001149,9/11/2026,16:03:00,Can Tho,Fashion,mobile,1,350318,350318,FAILED,7
TX001150,9/19/2026,8:57:00,Ha Noi,Grocery,partner,2,178275,356550,SUCCESS,2
TX001151,9/23/2026,14:53:00,Bac Ninh,Electronics,partner,1,1856661,1856661,SUCCESS,3
TX001152,9/14/2026,22:36:00,Hai Phong,Grocery,web,1,359696,359696,SUCCESS,3
TX001153,9/15/2026,18:40:00,Ha Noi,Fashion,web,1,625764,625764,SUCCESS,2
TX001154,9/19/2026,16:37:00,Dong Nai,Electronics,web,1,15036501,15036501,SUCCESS,2
TX001155,9/12/2026,16:07:00,Ha Noi,Grocery,mobile,2,367127,734254,SUCCESS,1
TX001156,9/28/2026,5:31:00,Da Nang,Book,web,2,411232,822464,SUCCESS,5
TX001157,9/19/2026,17:48:00,Khanh Hoa,Electronics,partner,1,8895011,8895011,SUCCESS,3
TX001158,9/27/2026,0:27:00,Ha Noi,Fashion,web,1,449156,449156,SUCCESS,4
TX001159,9/21/2026,10:56:00,Ha Noi,Electronics,mobile,1,5155269,5155269,FAILED,4
TX001160,9/1/2026,8:19:00,Ha Noi,Electronics,mobile,1,7075238,7075238,SUCCESS,2
TX001161,9/24/2026,16:15:00,Hai Phong,Sport,mobile,1,1054239,1054239,SUCCESS,5
TX001162,9/15/2026,8:51:00,Ho Chi Minh,Electronics,web,2,1872019,3744038,SUCCESS,2
TX001163,9/11/2026,10:56:00,Binh Duong,Grocery,web,1,236887,236887,FAILED,3
TX001164,9/3/2026,7:26:00,Ho Chi Minh,Book,web,1,339552,339552,SUCCESS,2
TX001165,9/3/2026,0:04:00,Ho Chi Minh,Home,partner,1,949799,949799,SUCCESS,1
TX001166,9/15/2026,15:32:00,Ho Chi Minh,Beauty,web,1,137297,137297,SUCCESS,1
TX001167,9/9/2026,15:59:00,Ho Chi Minh,Home,mobile,1,416772,416772,SUCCESS,3
TX001168,9/12/2026,20:52:00,Ha Noi,Grocery,mobile,2,180567,361134,SUCCESS,1
TX001169,9/18/2026,6:27:00,Ho Chi Minh,Grocery,web,2,53145,106290,SUCCESS,3
TX001170,9/17/2026,10:49:00,Hai Phong,Fashion,mobile,2,969731,1939462,SUCCESS,4
TX001171,9/3/2026,5:31:00,Ho Chi Minh,Home,partner,1,4140709,4140709,SUCCESS,4
TX001172,9/17/2026,3:50:00,Binh Duong,Electronics,partner,1,7399732,7399732,FAILED,2
TX001173,9/25/2026,2:07:00,Binh Duong,Fashion,mobile,1,492129,492129,SUCCESS,2
TX001174,9/13/2026,4:30:00,Ha Noi,Book,mobile,1,405416,405416,SUCCESS,3
TX001175,9/14/2026,13:02:00,Ha Noi,Fashion,mobile,1,393700,393700,SUCCESS,1
TX001176,9/2/2026,20:32:00,Dong Nai,Fashion,mobile,1,448565,448565,SUCCESS,4
TX001177,9/25/2026,17:36:00,Hai Phong,Fashion,web,1,297433,297433,SUCCESS,2
TX001178,9/5/2026,23:01:00,Ho Chi Minh,Grocery,web,1,203828,203828,SUCCESS,3
TX001179,9/14/2026,4:25:00,Hai Phong,Electronics,mobile,1,10976964,10976964,SUCCESS,2
TX001180,9/11/2026,2:21:00,Binh Duong,Home,partner,2,4614181,9228362,SUCCESS,2
TX001181,9/10/2026,0:56:00,Ha Noi,Electronics,web,2,7843447,15686894,FAILED,1
TX001182,9/28/2026,20:19:00,Binh Duong,Grocery,web,2,79968,159936,FAILED,2
TX001183,9/10/2026,11:57:00,Dong Nai,Toy,mobile,1,1826567,1826567,RETURNED,7
TX001184,9/22/2026,11:50:00,Can Tho,Grocery,web,1,409992,409992,SUCCESS,3
TX001185,9/15/2026,3:56:00,Da Nang,Home,mobile,1,2140700,2140700,FAILED,3
TX001186,9/9/2026,20:40:00,Ha Noi,Beauty,web,1,583615,583615,SUCCESS,3
TX001187,9/14/2026,9:04:00,Ha Noi,Grocery,web,1,360552,360552,RETURNED,2
TX001188,9/6/2026,20:40:00,Ho Chi Minh,Home,mobile,1,1904415,1904415,SUCCESS,1
TX001189,9/8/2026,0:12:00,Hai Phong,Electronics,mobile,2,8342176,16684352,SUCCESS,3
TX001190,9/27/2026,0:49:00,Ha Noi,Book,partner,4,344320,1377280,FAILED,3
TX001191,9/2/2026,20:03:00,Ha Noi,Fashion,mobile,2,1058328,2116656,FAILED,2
TX001192,9/3/2026,2:22:00,Ha Noi,Book,mobile,2,399713,799426,SUCCESS,1
TX001193,9/14/2026,0:07:00,Da Nang,Sport,partner,2,2769275,5538550,FAILED,4
TX001194,9/30/2026,4:57:00,Da Nang,Book,web,1,323789,323789,SUCCESS,3
TX001195,9/16/2026,0:50:00,Da Nang,Fashion,mobile,1,769264,769264,SUCCESS,3
TX001196,9/7/2026,10:19:00,Binh Duong,Grocery,web,1,356221,356221,SUCCESS,5
TX001197,9/30/2026,5:09:00,Ho Chi Minh,Beauty,partner,1,542206,542206,SUCCESS,2
TX001198,9/7/2026,7:18:00,Can Tho,Grocery,partner,4,464117,1856468,FAILED,7
TX001199,9/20/2026,18:12:00,Ho Chi Minh,Grocery,partner,1,339598,339598,SUCCESS,4
TX001200,9/18/2026,5:12:00,Ho Chi Minh,Book,partner,1,302669,302669,SUCCESS,2
TX001201,9/15/2026,6:38:00,Da Nang,Toy,partner,1,382375,382375,SUCCESS,4
TX001202,9/13/2026,8:59:00,Can Tho,Electronics,mobile,2,2188315,4376630,SUCCESS,6
TX001203,9/3/2026,20:22:00,Bac Ninh,Electronics,web,2,14191854,28383708,FAILED,3
TX001204,9/4/2026,0:19:00,Ho Chi Minh,Electronics,partner,1,10569977,10569977,SUCCESS,2
TX001205,9/21/2026,4:13:00,Can Tho,Book,mobile,1,384235,384235,SUCCESS,5
TX001206,9/8/2026,9:17:00,Ha Noi,Sport,partner,1,2651113,2651113,SUCCESS,1
TX001207,9/23/2026,9:29:00,Hai Phong,Home,web,1,760309,760309,SUCCESS,4
TX001208,9/9/2026,21:17:00,Ha Noi,Grocery,mobile,3,194731,584193,SUCCESS,1
TX001209,9/1/2026,11:37:00,Ha Noi,Toy,web,1,306181,306181,SUCCESS,3
TX001210,9/22/2026,6:53:00,Ho Chi Minh,Grocery,partner,1,93577,93577,SUCCESS,3
TX001211,9/3/2026,5:43:00,Hai Phong,Electronics,web,1,12038842,12038842,SUCCESS,2
TX001212,9/21/2026,13:25:00,Ha Noi,Fashion,web,2,955420,1910840,SUCCESS,2
TX001213,9/4/2026,10:06:00,Ha Noi,Electronics,web,1,4296018,4296018,SUCCESS,4
TX001214,9/27/2026,1:20:00,Da Nang,Beauty,partner,2,973429,1946858,FAILED,3
TX001215,9/15/2026,11:49:00,Ho Chi Minh,Fashion,mobile,1,168063,168063,RETURNED,5
TX001216,9/3/2026,18:43:00,Ho Chi Minh,Sport,web,1,159443,159443,SUCCESS,2
TX001217,9/11/2026,4:34:00,Can Tho,Fashion,mobile,1,300751,300751,RETURNED,6
TX001218,9/26/2026,21:58:00,Ha Noi,Electronics,mobile,2,7045676,14091352,RETURNED,5
TX001219,9/29/2026,8:57:00,Da Nang,Fashion,partner,1,452056,452056,SUCCESS,5
TX001220,9/28/2026,5:25:00,Hai Phong,Fashion,mobile,1,392604,392604,SUCCESS,4
TX001221,9/29/2026,11:49:00,Da Nang,Grocery,web,1,78059,78059,SUCCESS,3
TX001222,9/29/2026,0:22:00,Ho Chi Minh,Fashion,partner,1,253129,253129,SUCCESS,2
TX001223,9/27/2026,3:36:00,Khanh Hoa,Grocery,partner,1,197833,197833,SUCCESS,5
TX001224,9/24/2026,20:46:00,Ha Noi,Book,mobile,2,414643,829286,SUCCESS,4
TX001225,9/29/2026,4:42:00,Ho Chi Minh,Grocery,mobile,2,382851,765702,SUCCESS,3
TX001226,9/12/2026,10:23:00,Ha Noi,Grocery,web,1,132816,132816,RETURNED,7
TX001227,9/9/2026,20:31:00,Da Nang,Sport,web,1,1525231,1525231,SUCCESS,5
TX001228,9/16/2026,15:01:00,Ho Chi Minh,Toy,partner,2,1344937,2689874,SUCCESS,2
TX001229,9/5/2026,20:00:00,Da Nang,Fashion,mobile,1,173811,173811,SUCCESS,4
TX001230,9/14/2026,1:48:00,Dong Nai,Fashion,partner,2,763027,1526054,SUCCESS,5
TX001231,9/23/2026,0:55:00,Ha Noi,Electronics,web,1,12394266,12394266,SUCCESS,4
TX001232,9/15/2026,20:55:00,Dong Nai,Electronics,mobile,2,8467751,16935502,SUCCESS,3
TX001233,9/21/2026,8:36:00,Dong Nai,Electronics,partner,2,10117238,20234476,SUCCESS,5
TX001234,9/25/2026,2:02:00,Lam Dong,Electronics,partner,1,17067478,17067478,SUCCESS,7
TX001235,9/26/2026,9:16:00,Dong Nai,Fashion,mobile,2,406994,813988,SUCCESS,5
TX001236,9/25/2026,12:38:00,Ho Chi Minh,Fashion,partner,2,409866,819732,SUCCESS,3
TX001237,9/27/2026,18:36:00,Ho Chi Minh,Fashion,mobile,1,724048,724048,SUCCESS,4
TX001238,9/2/2026,3:44:00,Ha Noi,Home,web,2,2125801,4251602,SUCCESS,2
TX001239,9/30/2026,5:56:00,Dong Nai,Sport,partner,1,173361,173361,SUCCESS,3
TX001240,9/29/2026,19:24:00,Ho Chi Minh,Beauty,web,1,1170118,1170118,SUCCESS,4
TX001241,9/23/2026,17:40:00,Lam Dong,Beauty,partner,1,1004977,1004977,SUCCESS,5
TX001242,9/8/2026,15:10:00,Khanh Hoa,Fashion,web,2,578099,1156198,SUCCESS,7
TX001243,9/30/2026,8:40:00,Ha Noi,Fashion,partner,1,243699,243699,SUCCESS,2
TX001244,9/26/2026,3:44:00,Ho Chi Minh,Electronics,mobile,1,6738465,6738465,SUCCESS,4
TX001245,9/12/2026,20:21:00,Binh Duong,Fashion,mobile,1,1134672,1134672,SUCCESS,5
TX001246,9/30/2026,22:21:00,Da Nang,Beauty,web,1,1001774,1001774,SUCCESS,3
TX001247,9/21/2026,3:45:00,Binh Duong,Beauty,web,2,441850,883700,SUCCESS,5
TX001248,9/5/2026,14:06:00,Binh Duong,Home,partner,1,1406893,1406893,SUCCESS,3
TX001249,9/25/2026,14:00:00,Ha Noi,Grocery,web,1,249087,249087,SUCCESS,2
TX001250,9/26/2026,23:43:00,Ho Chi Minh,Home,web,1,3880887,3880887,SUCCESS,2
TX001251,9/16/2026,1:39:00,Ha Noi,Sport,web,1,1521020,1521020,SUCCESS,2
TX001252,9/7/2026,19:00:00,Ha Noi,Book,partner,1,241001,241001,FAILED,3
TX001253,9/23/2026,6:03:00,Da Nang,Sport,partner,1,1033260,1033260,SUCCESS,4
TX001254,9/24/2026,9:47:00,Ho Chi Minh,Fashion,partner,3,247676,743028,SUCCESS,4
TX001255,9/4/2026,17:34:00,Dong Nai,Home,web,1,1567382,1567382,FAILED,2
TX001256,9/7/2026,18:58:00,Can Tho,Electronics,partner,2,12885248,25770496,SUCCESS,3
TX001257,9/9/2026,22:26:00,Khanh Hoa,Grocery,partner,3,140319,420957,SUCCESS,3
TX001258,9/7/2026,20:51:00,Binh Duong,Electronics,web,1,6481620,6481620,SUCCESS,2
TX001259,9/6/2026,3:06:00,Ho Chi Minh,Electronics,web,1,7263520,7263520,SUCCESS,4
TX001260,9/10/2026,0:12:00,Khanh Hoa,Beauty,mobile,1,483585,483585,SUCCESS,4
TX001261,9/30/2026,14:39:00,Dong Nai,Home,partner,1,1042708,1042708,SUCCESS,5
TX001262,9/24/2026,21:14:00,Ha Noi,Fashion,partner,1,805012,805012,FAILED,2
TX001263,9/17/2026,16:33:00,Bac Ninh,Fashion,partner,1,258448,258448,SUCCESS,4
TX001264,9/27/2026,13:17:00,Ho Chi Minh,Electronics,mobile,2,4460419,8920838,SUCCESS,3
TX001265,9/14/2026,23:15:00,Binh Duong,Electronics,partner,2,2107384,4214768,SUCCESS,4
TX001266,9/8/2026,8:53:00,Ho Chi Minh,Grocery,partner,1,117216,117216,SUCCESS,4
TX001267,9/2/2026,0:26:00,Ho Chi Minh,Electronics,web,1,10642176,10642176,SUCCESS,3
TX001268,9/12/2026,8:44:00,Ha Noi,Electronics,mobile,2,13386525,26773050,SUCCESS,1
TX001269,9/21/2026,3:40:00,Da Nang,Beauty,mobile,2,441722,883444,SUCCESS,4
TX001270,9/20/2026,18:14:00,Ha Noi,Electronics,partner,2,3193082,6386164,SUCCESS,4
TX001271,9/11/2026,11:03:00,Ha Noi,Fashion,mobile,1,1145474,1145474,SUCCESS,3
TX001272,9/5/2026,21:18:00,Ha Noi,Electronics,web,1,4829972,4829972,SUCCESS,2
TX001273,9/22/2026,0:34:00,Hai Phong,Fashion,web,2,723403,1446806,SUCCESS,3
TX001274,9/1/2026,19:02:00,Da Nang,Electronics,web,1,13123014,13123014,SUCCESS,4
TX001275,9/10/2026,2:51:00,Da Nang,Electronics,web,1,15946375,15946375,SUCCESS,3
TX001276,9/22/2026,14:49:00,Ha Noi,Electronics,web,1,10125625,10125625,SUCCESS,1
TX001277,9/21/2026,8:10:00,Da Nang,Book,partner,1,60301,60301,RETURNED,5
TX001278,9/1/2026,3:18:00,Ho Chi Minh,Book,partner,1,140240,140240,SUCCESS,3
TX001279,9/28/2026,5:06:00,Dong Nai,Sport,mobile,1,983256,983256,SUCCESS,5
TX001280,9/28/2026,10:37:00,Da Nang,Fashion,web,1,921120,921120,SUCCESS,3
TX001281,9/8/2026,22:16:00,Binh Duong,Grocery,mobile,1,335588,335588,FAILED,3
TX001282,9/7/2026,8:26:00,Ha Noi,Grocery,web,1,85412,85412,SUCCESS,3
TX001283,9/25/2026,20:06:00,Lam Dong,Home,web,1,4994613,4994613,RETURNED,11
TX001284,9/6/2026,2:17:00,Ha Noi,Grocery,mobile,2,358183,716366,SUCCESS,4
TX001285,9/14/2026,20:10:00,Da Nang,Electronics,web,4,5234681,20938724,RETURNED,8
TX001286,9/25/2026,12:50:00,Ha Noi,Home,mobile,2,4170120,8340240,SUCCESS,2
TX001287,9/26/2026,15:24:00,Ha Noi,Grocery,mobile,1,112748,112748,SUCCESS,2
TX001288,9/18/2026,20:16:00,Da Nang,Toy,partner,1,1566070,1566070,FAILED,2
TX001289,9/20/2026,6:35:00,Ha Noi,Grocery,mobile,1,122814,122814,SUCCESS,1
TX001290,9/27/2026,10:38:00,Binh Duong,Home,partner,2,3736909,7473818,SUCCESS,3
TX001291,9/13/2026,1:15:00,Lam Dong,Grocery,web,1,298278,298278,SUCCESS,6
TX001292,9/8/2026,6:33:00,Bac Ninh,Fashion,partner,3,972766,2918298,RETURNED,7
TX001293,9/19/2026,5:02:00,Da Nang,Grocery,mobile,1,102068,102068,SUCCESS,2
TX001294,9/2/2026,0:05:00,Can Tho,Electronics,web,2,11262963,22525926,SUCCESS,4
TX001295,9/19/2026,12:58:00,Ha Noi,Electronics,partner,1,14877876,14877876,SUCCESS,3
TX001296,9/1/2026,23:57:00,Khanh Hoa,Fashion,partner,1,753524,753524,SUCCESS,4
TX001297,9/14/2026,3:49:00,Ho Chi Minh,Home,partner,1,4262096,4262096,SUCCESS,1
TX001298,9/25/2026,14:57:00,Lam Dong,Beauty,web,1,385052,385052,SUCCESS,3
TX001299,9/15/2026,20:34:00,Can Tho,Sport,mobile,2,2739591,5479182,SUCCESS,7
TX001300,9/29/2026,3:36:00,Da Nang,Fashion,web,3,775046,2325138,SUCCESS,2
TX001301,9/6/2026,15:34:00,Can Tho,Beauty,mobile,2,1081928,2163856,FAILED,3
TX001302,9/6/2026,3:51:00,Ha Noi,Electronics,web,1,3275916,3275916,SUCCESS,2
TX001303,9/24/2026,10:09:00,Da Nang,Fashion,mobile,1,914784,914784,SUCCESS,3
TX001304,9/25/2026,3:17:00,Bac Ninh,Fashion,mobile,1,735131,735131,SUCCESS,5
TX001305,9/12/2026,22:19:00,Ha Noi,Home,mobile,2,3916959,7833918,SUCCESS,3
TX001306,9/11/2026,1:05:00,Ha Noi,Grocery,mobile,1,98606,98606,SUCCESS,2
TX001307,9/16/2026,7:33:00,Hai Phong,Electronics,web,1,14504009,14504009,SUCCESS,3
TX001308,9/6/2026,9:20:00,Ha Noi,Fashion,mobile,1,1017962,1017962,SUCCESS,1
TX001309,9/2/2026,6:18:00,Ha Noi,Electronics,web,1,4552581,4552581,SUCCESS,1
TX001310,9/22/2026,14:22:00,Da Nang,Toy,mobile,1,1281817,1281817,RETURNED,6
TX001311,9/21/2026,7:16:00,Ha Noi,Beauty,web,1,239676,239676,SUCCESS,3
TX001312,9/22/2026,18:53:00,Ho Chi Minh,Grocery,web,2,271803,543606,SUCCESS,2
TX001313,9/26/2026,8:55:00,Hai Phong,Fashion,mobile,2,651036,1302072,SUCCESS,4
TX001314,9/30/2026,16:23:00,Ho Chi Minh,Beauty,partner,2,485901,971802,SUCCESS,4
TX001315,9/29/2026,6:04:00,Binh Duong,Toy,mobile,1,685450,685450,SUCCESS,3
TX001316,9/8/2026,17:22:00,Ha Noi,Home,partner,1,3166465,3166465,SUCCESS,1
TX001317,9/18/2026,14:44:00,Lam Dong,Home,mobile,4,478502,1914008,RETURNED,7
TX001318,9/29/2026,9:42:00,Khanh Hoa,Fashion,partner,1,760855,760855,SUCCESS,6
TX001319,9/14/2026,1:02:00,Ho Chi Minh,Electronics,partner,1,15460118,15460118,SUCCESS,2
TX001320,9/17/2026,10:59:00,Hai Phong,Grocery,web,1,399401,399401,FAILED,4
TX001321,9/30/2026,7:02:00,Da Nang,Electronics,partner,1,16517374,16517374,SUCCESS,3
TX001322,9/28/2026,6:06:00,Ha Noi,Toy,mobile,2,645124,1290248,SUCCESS,3
TX001323,9/11/2026,14:00:00,Ha Noi,Electronics,web,1,13995597,13995597,SUCCESS,2
TX001324,9/26/2026,20:25:00,Binh Duong,Electronics,partner,1,4982578,4982578,SUCCESS,2
TX001325,9/27/2026,7:24:00,Da Nang,Electronics,mobile,2,6089071,12178142,SUCCESS,5
TX001326,9/20/2026,18:00:00,Ho Chi Minh,Electronics,mobile,1,2199938,2199938,SUCCESS,1
TX001327,9/9/2026,14:49:00,Ho Chi Minh,Home,mobile,1,2627352,2627352,RETURNED,5
TX001328,9/20/2026,3:59:00,Binh Duong,Beauty,mobile,1,937038,937038,SUCCESS,2
TX001329,9/19/2026,9:34:00,Khanh Hoa,Electronics,mobile,1,10559931,10559931,SUCCESS,6
TX001330,9/18/2026,17:54:00,Ho Chi Minh,Electronics,web,1,1637613,1637613,SUCCESS,3
TX001331,9/19/2026,3:37:00,Can Tho,Sport,partner,1,1690501,1690501,SUCCESS,6
TX001332,9/10/2026,4:58:00,Ho Chi Minh,Electronics,mobile,1,14798148,14798148,SUCCESS,1
TX001333,9/25/2026,1:57:00,Bac Ninh,Book,mobile,1,66061,66061,SUCCESS,6
TX001334,9/2/2026,1:31:00,Hai Phong,Fashion,mobile,1,302400,302400,FAILED,3
TX001335,9/1/2026,16:02:00,Ho Chi Minh,Electronics,mobile,1,1396104,1396104,RETURNED,8
TX001336,9/14/2026,5:37:00,Hai Phong,Book,mobile,1,251901,251901,SUCCESS,3
TX001337,9/5/2026,4:22:00,Da Nang,Grocery,web,1,169602,169602,SUCCESS,5
TX001338,9/13/2026,0:43:00,Hai Phong,Fashion,partner,2,340695,681390,SUCCESS,5
TX001339,9/6/2026,18:04:00,Ha Noi,Grocery,mobile,1,290542,290542,SUCCESS,3
TX001340,9/13/2026,12:29:00,Lam Dong,Grocery,web,1,175985,175985,SUCCESS,5
TX001341,9/3/2026,15:48:00,Ha Noi,Grocery,web,4,391154,1564616,SUCCESS,3
TX001342,9/22/2026,21:53:00,Ha Noi,Home,partner,2,208604,417208,FAILED,1
TX001343,9/4/2026,22:07:00,Ho Chi Minh,Grocery,partner,1,149229,149229,SUCCESS,4
TX001344,9/15/2026,6:52:00,Hai Phong,Electronics,web,1,17435879,17435879,SUCCESS,4
TX001345,9/30/2026,9:27:00,Ha Noi,Grocery,web,1,340954,340954,SUCCESS,4
TX001346,9/19/2026,19:33:00,Dong Nai,Electronics,mobile,2,5939586,11879172,SUCCESS,2
TX001347,9/16/2026,2:56:00,Ha Noi,Fashion,mobile,3,585104,1755312,SUCCESS,3
TX001348,9/12/2026,15:39:00,Ho Chi Minh,Sport,partner,2,403652,807304,RETURNED,5
TX001349,9/20/2026,12:52:00,Ho Chi Minh,Grocery,mobile,1,497138,497138,SUCCESS,2
TX001350,9/29/2026,16:48:00,Lam Dong,Fashion,partner,1,219473,219473,SUCCESS,6
TX001351,9/16/2026,6:31:00,Ho Chi Minh,Fashion,web,1,454402,454402,SUCCESS,3
TX001352,9/2/2026,22:25:00,Ho Chi Minh,Beauty,web,2,289148,578296,RETURNED,2
TX001353,9/15/2026,22:50:00,Binh Duong,Beauty,mobile,1,451505,451505,SUCCESS,3
TX001354,9/13/2026,4:46:00,Hai Phong,Electronics,web,2,7143378,14286756,SUCCESS,4
TX001355,9/1/2026,11:33:00,Ha Noi,Fashion,partner,2,285548,571096,RETURNED,7
TX001356,9/29/2026,2:37:00,Ho Chi Minh,Grocery,web,1,82372,82372,RETURNED,4
TX001357,9/3/2026,23:49:00,Ha Noi,Toy,web,1,318549,318549,SUCCESS,1
TX001358,9/20/2026,11:56:00,Ha Noi,Book,partner,1,334563,334563,SUCCESS,2
TX001359,9/17/2026,8:18:00,Ho Chi Minh,Beauty,mobile,1,837797,837797,RETURNED,2
TX001360,9/26/2026,23:53:00,Ho Chi Minh,Sport,partner,2,1252128,2504256,FAILED,4
TX001361,9/13/2026,3:41:00,Hai Phong,Electronics,web,1,8508288,8508288,SUCCESS,5
TX001362,9/16/2026,5:00:00,Ho Chi Minh,Electronics,web,1,12874890,12874890,SUCCESS,3
TX001363,9/21/2026,21:45:00,Da Nang,Electronics,partner,1,3251796,3251796,SUCCESS,2
TX001364,9/2/2026,10:53:00,Da Nang,Book,web,1,178075,178075,SUCCESS,2
TX001365,9/6/2026,7:24:00,Ha Noi,Fashion,partner,2,405382,810764,RETURNED,7
TX001366,9/9/2026,11:14:00,Ha Noi,Grocery,partner,1,117811,117811,FAILED,1
TX001367,9/7/2026,10:31:00,Ho Chi Minh,Fashion,mobile,1,283027,283027,SUCCESS,1
TX001368,9/8/2026,9:03:00,Ha Noi,Beauty,mobile,1,432842,432842,SUCCESS,1
TX001369,9/24/2026,20:49:00,Binh Duong,Grocery,partner,2,389868,779736,SUCCESS,3
TX001370,9/17/2026,21:41:00,Ho Chi Minh,Grocery,web,1,391898,391898,SUCCESS,3
TX001371,9/22/2026,18:55:00,Da Nang,Home,mobile,1,1496654,1496654,FAILED,4
TX001372,9/15/2026,3:41:00,Dong Nai,Book,partner,1,445309,445309,SUCCESS,4
TX001373,9/6/2026,19:13:00,Can Tho,Home,partner,1,2313610,2313610,RETURNED,6
TX001374,9/24/2026,21:19:00,Binh Duong,Electronics,web,1,13276291,13276291,SUCCESS,3
TX001375,9/13/2026,14:33:00,Lam Dong,Beauty,web,2,1000454,2000908,SUCCESS,3
TX001376,9/17/2026,23:20:00,Hai Phong,Electronics,mobile,1,5583644,5583644,SUCCESS,2
TX001377,9/28/2026,1:45:00,Ha Noi,Home,partner,1,1004918,1004918,SUCCESS,1
TX001378,9/8/2026,8:50:00,Bac Ninh,Electronics,web,2,3683951,7367902,SUCCESS,3
TX001379,9/12/2026,23:59:00,Ha Noi,Toy,mobile,1,1260110,1260110,FAILED,1
TX001380,9/23/2026,3:46:00,Ha Noi,Electronics,web,1,14818495,14818495,SUCCESS,2
TX001381,9/26/2026,22:57:00,Ho Chi Minh,Fashion,partner,1,246761,246761,RETURNED,6
TX001382,9/14/2026,22:25:00,Da Nang,Electronics,web,1,8740342,8740342,FAILED,5
TX001383,9/20/2026,17:52:00,Khanh Hoa,Electronics,web,1,11115928,11115928,SUCCESS,4
TX001384,9/24/2026,10:10:00,Dong Nai,Book,partner,1,410313,410313,SUCCESS,4
TX001385,9/4/2026,20:26:00,Can Tho,Grocery,web,1,145659,145659,RETURNED,9
TX001386,9/17/2026,15:22:00,Can Tho,Fashion,mobile,1,591676,591676,FAILED,7
TX001387,9/19/2026,11:05:00,Ha Noi,Toy,partner,1,633217,633217,SUCCESS,4
TX001388,9/13/2026,5:00:00,Hai Phong,Sport,partner,4,2516919,10067676,SUCCESS,5
TX001389,9/28/2026,1:30:00,Binh Duong,Fashion,partner,1,1023679,1023679,SUCCESS,2
TX001390,9/16/2026,2:40:00,Khanh Hoa,Sport,mobile,1,2649572,2649572,RETURNED,11
TX001391,9/14/2026,17:57:00,Dong Nai,Electronics,mobile,1,9237263,9237263,RETURNED,6
TX001392,9/6/2026,13:50:00,Lam Dong,Fashion,mobile,1,529811,529811,SUCCESS,3
TX001393,9/26/2026,18:50:00,Ho Chi Minh,Book,web,1,406866,406866,SUCCESS,3
TX001394,9/7/2026,11:11:00,Lam Dong,Electronics,mobile,2,16186554,32373108,SUCCESS,4
TX001395,9/24/2026,0:07:00,Binh Duong,Fashion,mobile,1,221941,221941,SUCCESS,5
TX001396,9/7/2026,17:12:00,Ha Noi,Grocery,web,1,332673,332673,SUCCESS,3
TX001397,9/30/2026,9:16:00,Dong Nai,Sport,web,1,253123,253123,SUCCESS,2
TX001398,9/2/2026,3:39:00,Khanh Hoa,Grocery,web,2,64452,128904,SUCCESS,6
TX001399,9/28/2026,11:57:00,Ho Chi Minh,Toy,mobile,2,414936,829872,SUCCESS,2
TX001400,9/29/2026,7:51:00,Ho Chi Minh,Beauty,mobile,1,1340247,1340247,SUCCESS,2
TX001401,9/6/2026,19:36:00,Hai Phong,Toy,partner,2,1523798,3047596,SUCCESS,3
TX001402,9/28/2026,11:03:00,Da Nang,Electronics,web,1,13400075,13400075,SUCCESS,4
TX001403,9/22/2026,8:51:00,Ho Chi Minh,Sport,mobile,1,656643,656643,SUCCESS,2
TX001404,9/2/2026,18:08:00,Ha Noi,Grocery,partner,3,82311,246933,SUCCESS,2
TX001405,9/5/2026,1:54:00,Lam Dong,Grocery,web,1,310039,310039,SUCCESS,4
TX001406,9/10/2026,20:41:00,Bac Ninh,Toy,partner,1,682445,682445,SUCCESS,7
TX001407,9/26/2026,18:18:00,Ha Noi,Home,web,2,679492,1358984,SUCCESS,3
TX001408,9/17/2026,21:52:00,Can Tho,Sport,mobile,1,2379577,2379577,SUCCESS,6
TX001409,9/5/2026,18:11:00,Dong Nai,Electronics,web,1,11778212,11778212,SUCCESS,2
TX001410,9/18/2026,12:55:00,Ha Noi,Book,web,1,349321,349321,SUCCESS,4
TX001411,9/17/2026,10:53:00,Ho Chi Minh,Grocery,mobile,1,223088,223088,FAILED,3
TX001412,9/20/2026,11:46:00,Ho Chi Minh,Grocery,mobile,1,340601,340601,SUCCESS,1
TX001413,9/1/2026,0:34:00,Dong Nai,Electronics,web,1,6861547,6861547,SUCCESS,2
TX001414,9/14/2026,23:51:00,Ha Noi,Electronics,web,1,9375567,9375567,SUCCESS,4
TX001415,9/4/2026,9:02:00,Ha Noi,Grocery,mobile,1,71892,71892,SUCCESS,4
TX001416,9/27/2026,5:59:00,Lam Dong,Grocery,web,1,214767,214767,FAILED,5
TX001417,9/6/2026,5:55:00,Da Nang,Book,web,2,148763,297526,SUCCESS,3
TX001418,9/6/2026,16:11:00,Ha Noi,Electronics,mobile,4,3523747,14094988,SUCCESS,4
TX001419,9/22/2026,20:13:00,Ha Noi,Electronics,mobile,1,5907031,5907031,SUCCESS,4
TX001420,9/27/2026,1:12:00,Ho Chi Minh,Grocery,web,4,250090,1000360,SUCCESS,3
TX001421,9/2/2026,1:10:00,Ho Chi Minh,Fashion,mobile,1,1106206,1106206,SUCCESS,4
TX001422,9/4/2026,14:22:00,Ha Noi,Book,partner,1,414875,414875,SUCCESS,4
TX001423,9/1/2026,8:41:00,Ha Noi,Fashion,partner,1,457855,457855,SUCCESS,3
TX001424,9/14/2026,4:44:00,Khanh Hoa,Book,partner,3,197688,593064,SUCCESS,5
TX001425,9/11/2026,1:50:00,Ho Chi Minh,Fashion,mobile,1,760370,760370,SUCCESS,3
TX001426,9/27/2026,7:40:00,Ho Chi Minh,Fashion,web,1,979660,979660,SUCCESS,4
TX001427,9/28/2026,13:18:00,Hai Phong,Beauty,partner,2,410706,821412,SUCCESS,2
TX001428,9/8/2026,21:19:00,Ha Noi,Grocery,mobile,1,201349,201349,SUCCESS,3
TX001429,9/22/2026,12:13:00,Binh Duong,Electronics,web,1,5416481,5416481,SUCCESS,2
TX001430,9/28/2026,19:18:00,Ha Noi,Electronics,mobile,1,2118915,2118915,SUCCESS,4
TX001431,9/25/2026,1:33:00,Hai Phong,Fashion,web,3,827540,2482620,SUCCESS,3
TX001432,9/12/2026,21:10:00,Hai Phong,Grocery,web,1,394780,394780,RETURNED,5
TX001433,9/14/2026,11:59:00,Khanh Hoa,Electronics,mobile,1,14869930,14869930,SUCCESS,5
TX001434,9/10/2026,11:05:00,Can Tho,Electronics,web,1,8984316,8984316,SUCCESS,7
TX001435,9/2/2026,11:41:00,Da Nang,Sport,mobile,2,791689,1583378,SUCCESS,5
TX001436,9/14/2026,0:26:00,Ha Noi,Fashion,web,2,753545,1507090,FAILED,1
TX001437,9/8/2026,8:55:00,Dong Nai,Book,web,2,227387,454774,RETURNED,5
TX001438,9/7/2026,1:47:00,Ho Chi Minh,Electronics,web,4,9044124,36176496,SUCCESS,1
TX001439,9/1/2026,23:59:00,Ha Noi,Fashion,web,2,1044787,2089574,SUCCESS,4
TX001440,9/22/2026,18:31:00,Da Nang,Fashion,web,1,642449,642449,SUCCESS,3
TX001441,9/27/2026,11:23:00,Da Nang,Fashion,partner,1,477831,477831,SUCCESS,2
TX001442,9/1/2026,17:53:00,Ha Noi,Beauty,partner,2,862866,1725732,SUCCESS,3
TX001443,9/25/2026,20:53:00,Ho Chi Minh,Beauty,mobile,1,1118493,1118493,SUCCESS,2
TX001444,9/3/2026,6:39:00,Ho Chi Minh,Book,mobile,2,405277,810554,SUCCESS,2
TX001445,9/28/2026,6:02:00,Ha Noi,Toy,mobile,1,1988596,1988596,SUCCESS,2
TX001446,9/12/2026,8:05:00,Can Tho,Grocery,partner,1,82287,82287,RETURNED,5
TX001447,9/16/2026,18:38:00,Bac Ninh,Grocery,mobile,1,268244,268244,SUCCESS,4
TX001448,9/5/2026,17:07:00,Da Nang,Book,mobile,1,363617,363617,SUCCESS,5
TX001449,9/12/2026,14:00:00,Ha Noi,Grocery,partner,1,41253,41253,SUCCESS,3
TX001450,9/12/2026,20:43:00,Da Nang,Book,web,3,435844,1307532,SUCCESS,5
TX001451,9/14/2026,20:50:00,Ho Chi Minh,Grocery,web,1,172062,172062,SUCCESS,3
TX001452,9/28/2026,20:33:00,Binh Duong,Fashion,mobile,1,1161938,1161938,SUCCESS,4
TX001453,9/11/2026,14:41:00,Ho Chi Minh,Grocery,mobile,1,197198,197198,SUCCESS,4
TX001454,9/25/2026,16:48:00,Ha Noi,Home,web,1,1522614,1522614,SUCCESS,4
TX001455,9/2/2026,21:55:00,Ha Noi,Fashion,partner,1,607779,607779,SUCCESS,3
TX001456,9/9/2026,4:28:00,Ha Noi,Fashion,partner,1,663600,663600,SUCCESS,2
TX001457,9/25/2026,11:58:00,Binh Duong,Electronics,mobile,1,10347319,10347319,RETURNED,4
TX001458,9/14/2026,11:23:00,Ho Chi Minh,Sport,web,1,1899680,1899680,SUCCESS,1
TX001459,9/27/2026,12:37:00,Ha Noi,Fashion,mobile,1,936763,936763,SUCCESS,4
TX001460,9/30/2026,1:10:00,Ho Chi Minh,Fashion,partner,1,806381,806381,SUCCESS,1
TX001461,9/20/2026,19:30:00,Hai Phong,Electronics,web,1,7249615,7249615,SUCCESS,2
TX001462,9/13/2026,22:33:00,Ha Noi,Fashion,mobile,2,356491,712982,FAILED,1
TX001463,9/28/2026,23:44:00,Ho Chi Minh,Home,web,1,1009794,1009794,SUCCESS,1
TX001464,9/10/2026,23:34:00,Dong Nai,Grocery,partner,2,400268,800536,SUCCESS,3
TX001465,9/19/2026,0:34:00,Ha Noi,Electronics,partner,1,11996657,11996657,SUCCESS,3
TX001466,9/8/2026,8:46:00,Khanh Hoa,Home,web,2,4679364,9358728,SUCCESS,4
TX001467,9/9/2026,1:40:00,Dong Nai,Toy,partner,1,1778250,1778250,FAILED,2
TX001468,9/16/2026,7:14:00,Can Tho,Sport,web,1,1970552,1970552,SUCCESS,3
TX001469,9/9/2026,15:23:00,Ha Noi,Grocery,mobile,1,148284,148284,SUCCESS,2
TX001470,9/9/2026,12:04:00,Ho Chi Minh,Book,partner,1,421325,421325,SUCCESS,4
TX001471,9/17/2026,20:23:00,Dong Nai,Electronics,partner,1,4570581,4570581,SUCCESS,5
TX001472,9/6/2026,0:52:00,Ho Chi Minh,Grocery,partner,4,213471,853884,FAILED,2
TX001473,9/18/2026,18:50:00,Ho Chi Minh,Beauty,mobile,1,1362692,1362692,SUCCESS,2
TX001474,9/29/2026,1:38:00,Ho Chi Minh,Grocery,partner,1,200996,200996,SUCCESS,4
TX001475,9/14/2026,13:20:00,Khanh Hoa,Grocery,mobile,1,170570,170570,RETURNED,6
TX001476,9/27/2026,3:03:00,Can Tho,Grocery,mobile,1,190953,190953,FAILED,5
TX001477,9/13/2026,13:14:00,Ha Noi,Grocery,partner,2,245457,490914,SUCCESS,4
TX001478,9/27/2026,11:10:00,Da Nang,Grocery,partner,1,437060,437060,SUCCESS,3
TX001479,9/30/2026,3:03:00,Ho Chi Minh,Fashion,mobile,3,805070,2415210,SUCCESS,4
TX001480,9/26/2026,3:53:00,Da Nang,Electronics,partner,1,7210991,7210991,SUCCESS,3
TX001481,9/2/2026,20:56:00,Ho Chi Minh,Fashion,mobile,4,1113477,4453908,SUCCESS,2
TX001482,9/17/2026,20:44:00,Khanh Hoa,Electronics,partner,2,8342197,16684394,SUCCESS,5
TX001483,9/10/2026,6:03:00,Ha Noi,Toy,mobile,2,471776,943552,RETURNED,7
TX001484,9/26/2026,22:01:00,Ha Noi,Beauty,mobile,1,419729,419729,SUCCESS,2
TX001485,9/17/2026,22:43:00,Khanh Hoa,Electronics,partner,2,8948597,17897194,SUCCESS,5
TX001486,9/16/2026,14:35:00,Lam Dong,Grocery,partner,2,116420,232840,SUCCESS,5
TX001487,9/28/2026,4:28:00,Ho Chi Minh,Grocery,mobile,1,432715,432715,SUCCESS,3
TX001488,9/2/2026,8:06:00,Ho Chi Minh,Fashion,web,1,756640,756640,SUCCESS,1
TX001489,9/25/2026,7:40:00,Ha Noi,Electronics,web,1,3945949,3945949,FAILED,1
TX001490,9/12/2026,8:07:00,Ho Chi Minh,Book,partner,1,297621,297621,SUCCESS,3
TX001491,9/30/2026,5:49:00,Da Nang,Fashion,partner,1,793154,793154,SUCCESS,3
TX001492,9/16/2026,18:13:00,Ha Noi,Home,web,1,4304156,4304156,SUCCESS,3
TX001493,9/25/2026,1:54:00,Dong Nai,Electronics,mobile,1,11552006,11552006,SUCCESS,3
TX001494,9/7/2026,10:10:00,Ho Chi Minh,Home,mobile,1,3189759,3189759,RETURNED,6
TX001495,9/14/2026,4:05:00,Dong Nai,Book,web,1,306025,306025,SUCCESS,5
TX001496,9/4/2026,2:58:00,Hai Phong,Fashion,mobile,1,1015743,1015743,FAILED,2
TX001497,9/8/2026,22:09:00,Ho Chi Minh,Grocery,partner,1,463696,463696,SUCCESS,4
TX001498,9/14/2026,21:56:00,Ho Chi Minh,Home,mobile,1,4493775,4493775,FAILED,3
TX001499,9/22/2026,18:30:00,Ha Noi,Fashion,mobile,1,1161370,1161370,SUCCESS,1
TX001500,9/11/2026,5:11:00,Ha Noi,Fashion,partner,1,908677,908677,SUCCESS,1
